-- phpMyAdmin SQL Dump
-- version 4.9.5
-- https://www.phpmyadmin.net/
--
-- Host: localhost:3311
-- Generation Time: May 06, 2021 at 07:45 AM
-- Server version: 5.7.24
-- PHP Version: 7.4.1

SET SQL_MODE = "NO_AUTO_VALUE_ON_ZERO";
SET AUTOCOMMIT = 0;
START TRANSACTION;
SET time_zone = "+00:00";


/*!40101 SET @OLD_CHARACTER_SET_CLIENT=@@CHARACTER_SET_CLIENT */;
/*!40101 SET @OLD_CHARACTER_SET_RESULTS=@@CHARACTER_SET_RESULTS */;
/*!40101 SET @OLD_COLLATION_CONNECTION=@@COLLATION_CONNECTION */;
/*!40101 SET NAMES utf8mb4 */;

--
-- Database: `sie557-2021-fp`
--

-- --------------------------------------------------------

--
-- Table structure for table `address`
--

CREATE TABLE `address` (
  `addressId` int(11) NOT NULL,
  `city` varchar(255) DEFAULT NULL,
  `state` varchar(255) DEFAULT NULL,
  `zipcode` int(11) NOT NULL
) ENGINE=InnoDB DEFAULT CHARSET=utf8;

--
-- Dumping data for table `address`
--

INSERT INTO `address` (`addressId`, `city`, `state`, `zipcode`) VALUES
(1, 'Irving', 'TX', 75063),
(2, 'Arlington', 'TX', 75022),
(3, 'Dallas', 'TX', 75201),
(4, 'Abbott', 'TX', 76621),
(5, 'Abernathy', 'TX', 79311),
(6, 'Abilene', 'TX', 79601),
(7, 'Abilene', 'TX', 79602),
(8, 'Abilene', 'TX', 79603),
(9, 'Abilene', 'TX', 79604),
(10, 'Abilene', 'TX', 79605),
(11, 'Abilene', 'TX', 79606),
(12, 'Abilene', 'TX', 79608),
(13, 'Abilene', 'TX', 79697),
(14, 'Abilene', 'TX', 79698),
(15, 'Abilene', 'TX', 79699),
(16, 'Ace', 'TX', 77326),
(17, 'Ackerly', 'TX', 79713),
(18, 'Addison', 'TX', 75001),
(19, 'Adkins', 'TX', 78101),
(20, 'Adrian', 'TX', 79001),
(21, 'Afton', 'TX', 79220),
(22, 'AguaDulce', 'TX', 78330),
(23, 'Aiken', 'TX', 79221),
(24, 'Alamo', 'TX', 78516),
(25, 'Alanreed', 'TX', 79002),
(26, 'Alba', 'TX', 75410),
(27, 'Albany', 'TX', 76430),
(28, 'Aledo', 'TX', 76008),
(29, 'Alice', 'TX', 78332),
(30, 'Alice', 'TX', 78333),
(31, 'Alief', 'TX', 77411),
(32, 'Allen', 'TX', 75002),
(33, 'Allen', 'TX', 75013),
(34, 'Alleyton', 'TX', 78935),
(35, 'Allison', 'TX', 79003),
(36, 'Alpine', 'TX', 79830),
(37, 'Alpine', 'TX', 79831),
(38, 'Alpine', 'TX', 79832),
(39, 'Altair', 'TX', 77412),
(40, 'Alto', 'TX', 75925),
(41, 'Alvarado', 'TX', 76009),
(42, 'Alvin', 'TX', 77511),
(43, 'Alvin', 'TX', 77512),
(44, 'Alvord', 'TX', 76225),
(45, 'Amarillo', 'TX', 79101),
(46, 'Amarillo', 'TX', 79102),
(47, 'Amarillo', 'TX', 79103),
(48, 'Amarillo', 'TX', 79104),
(49, 'Amarillo', 'TX', 79105),
(50, 'Amarillo', 'TX', 79106),
(51, 'Amarillo', 'TX', 79107),
(52, 'Amarillo', 'TX', 79108),
(53, 'Amarillo', 'TX', 79109),
(54, 'Amarillo', 'TX', 79110),
(55, 'Amarillo', 'TX', 79111),
(56, 'Amarillo', 'TX', 79114),
(57, 'Amarillo', 'TX', 79116),
(58, 'Amarillo', 'TX', 79117),
(59, 'Amarillo', 'TX', 79118),
(60, 'Amarillo', 'TX', 79119),
(61, 'Amarillo', 'TX', 79120),
(62, 'Amarillo', 'TX', 79121),
(63, 'Amarillo', 'TX', 79124),
(64, 'Amarillo', 'TX', 79159),
(65, 'Amarillo', 'TX', 79166),
(66, 'Amarillo', 'TX', 79168),
(67, 'Amarillo', 'TX', 79172),
(68, 'Amarillo', 'TX', 79174),
(69, 'Amarillo', 'TX', 79178),
(70, 'Amarillo', 'TX', 79185),
(71, 'Amarillo', 'TX', 79187),
(72, 'Amarillo', 'TX', 79189),
(73, 'Amherst', 'TX', 79312),
(74, 'Anahuac', 'TX', 77514),
(75, 'Anderson', 'TX', 77830),
(76, 'Andrews', 'TX', 79714),
(77, 'Angleton', 'TX', 77515),
(78, 'Angleton', 'TX', 77516),
(79, 'Anna', 'TX', 75409),
(80, 'Annona', 'TX', 75550),
(81, 'Anson', 'TX', 79501),
(82, 'Anthony', 'TX', 79821),
(83, 'Anton', 'TX', 79313),
(84, 'AppleSprings', 'TX', 75926),
(85, 'Aquilla', 'TX', 76622),
(86, 'Aransas Pass', 'TX', 78335),
(87, 'Aransas Pass', 'TX', 78336),
(88, 'Archer City', 'TX', 76351),
(89, 'Argyle', 'TX', 76226),
(90, 'Arlington', 'TX', 76001),
(91, 'Arlington', 'TX', 76002),
(92, 'Arlington', 'TX', 76003),
(93, 'Arlington', 'TX', 76004),
(94, 'Arlington', 'TX', 76005),
(95, 'Arlington', 'TX', 76006),
(96, 'Arlington', 'TX', 76007),
(97, 'Arlington', 'TX', 76010),
(98, 'Arlington', 'TX', 76011),
(99, 'Arlington', 'TX', 76012),
(100, 'Arlington', 'TX', 76013),
(101, 'Arlington', 'TX', 76014),
(102, 'Arlington', 'TX', 76015),
(103, 'Arlington', 'TX', 76016),
(104, 'Arlington', 'TX', 76017),
(105, 'Arlington', 'TX', 76018),
(106, 'Arlington', 'TX', 76019),
(107, 'Arlington', 'TX', 76094),
(108, 'Arlington', 'TX', 76096),
(109, 'Armstrong', 'TX', 78338),
(110, 'Arp', 'TX', 75750),
(111, 'Art', 'TX', 76820),
(112, 'Artesia Wells', 'TX', 78001),
(113, 'Arthur City', 'TX', 75411),
(114, 'Asherton', 'TX', 78827),
(115, 'Aspermont', 'TX', 79502),
(116, 'Atascosa', 'TX', 78002),
(117, 'Athens', 'TX', 75751),
(118, 'Athens', 'TX', 75752),
(119, 'Atlanta', 'TX', 75551),
(120, 'Aubrey', 'TX', 76227),
(121, 'Austin', 'TX', 73301),
(122, 'Austin', 'TX', 73344),
(123, 'Austin', 'TX', 78701),
(124, 'Austin', 'TX', 78702),
(125, 'Austin', 'TX', 78703),
(126, 'Austin', 'TX', 78704),
(127, 'Austin', 'TX', 78705),
(128, 'Austin', 'TX', 78708),
(129, 'Austin', 'TX', 78709),
(130, 'Austin', 'TX', 78710),
(131, 'Austin', 'TX', 78711),
(132, 'Austin', 'TX', 78712),
(133, 'Austin', 'TX', 78713),
(134, 'Austin', 'TX', 78714),
(135, 'Austin', 'TX', 78715),
(136, 'Austin', 'TX', 78716),
(137, 'Austin', 'TX', 78717),
(138, 'Austin', 'TX', 78718),
(139, 'Austin', 'TX', 78719),
(140, 'Austin', 'TX', 78720),
(141, 'Austin', 'TX', 78721),
(142, 'Austin', 'TX', 78722),
(143, 'Austin', 'TX', 78723),
(144, 'Austin', 'TX', 78724),
(145, 'Austin', 'TX', 78725),
(146, 'Austin', 'TX', 78726),
(147, 'Austin', 'TX', 78727),
(148, 'Austin', 'TX', 78728),
(149, 'Austin', 'TX', 78729),
(150, 'Austin', 'TX', 78730),
(151, 'Austin', 'TX', 78731),
(152, 'Austin', 'TX', 78732),
(153, 'Austin', 'TX', 78733),
(154, 'Austin', 'TX', 78734),
(155, 'Austin', 'TX', 78735),
(156, 'Austin', 'TX', 78736),
(157, 'Austin', 'TX', 78737),
(158, 'Austin', 'TX', 78738),
(159, 'Austin', 'TX', 78739),
(160, 'Austin', 'TX', 78741),
(161, 'Austin', 'TX', 78742),
(162, 'Austin', 'TX', 78744),
(163, 'Austin', 'TX', 78745),
(164, 'Austin', 'TX', 78746),
(165, 'Austin', 'TX', 78747),
(166, 'Austin', 'TX', 78748),
(167, 'Austin', 'TX', 78749),
(168, 'Austin', 'TX', 78750),
(169, 'Austin', 'TX', 78751),
(170, 'Austin', 'TX', 78752),
(171, 'Austin', 'TX', 78753),
(172, 'Austin', 'TX', 78754),
(173, 'Austin', 'TX', 78755),
(174, 'Austin', 'TX', 78756),
(175, 'Austin', 'TX', 78757),
(176, 'Austin', 'TX', 78758),
(177, 'Austin', 'TX', 78759),
(178, 'Austin', 'TX', 78760),
(179, 'Austin', 'TX', 78761),
(180, 'Austin', 'TX', 78762),
(181, 'Austin', 'TX', 78763),
(182, 'Austin', 'TX', 78764),
(183, 'Austin', 'TX', 78765),
(184, 'Austin', 'TX', 78766),
(185, 'Austin', 'TX', 78767),
(186, 'Austin', 'TX', 78768),
(187, 'Austin', 'TX', 78769),
(188, 'Austin', 'TX', 78772),
(189, 'Austin', 'TX', 78773),
(190, 'Austin', 'TX', 78774),
(191, 'Austin', 'TX', 78778),
(192, 'Austin', 'TX', 78779),
(193, 'Austin', 'TX', 78780),
(194, 'Austin', 'TX', 78781),
(195, 'Austin', 'TX', 78783),
(196, 'Austin', 'TX', 78785),
(197, 'Austin', 'TX', 78786),
(198, 'Austin', 'TX', 78788),
(199, 'Austin', 'TX', 78789),
(200, 'Austin', 'TX', 78798),
(201, 'Austin', 'TX', 78799),
(202, 'Austwell', 'TX', 77950),
(203, 'Avalon', 'TX', 76623),
(204, 'Avery', 'TX', 75554),
(205, 'Avinger', 'TX', 75630),
(206, 'Avoca', 'TX', 79503),
(207, 'Axtell', 'TX', 76624),
(208, 'Azle', 'TX', 76020),
(209, 'Azle', 'TX', 76098),
(210, 'Bacliff', 'TX', 77518),
(211, 'Bagwell', 'TX', 75412),
(212, 'Bailey', 'TX', 75413),
(213, 'Baird', 'TX', 79504),
(214, 'Ballinger', 'TX', 76821),
(215, 'Balmorhea', 'TX', 79718),
(216, 'Bandera', 'TX', 78003),
(217, 'Bangs', 'TX', 76823),
(218, 'Banquete', 'TX', 78339),
(219, 'Bardwell', 'TX', 75101),
(220, 'Barker', 'TX', 77413),
(221, 'Barksdale', 'TX', 78828),
(222, 'Barnhart', 'TX', 76930),
(223, 'Barry', 'TX', 75102),
(224, 'Barstow', 'TX', 79719),
(225, 'Bartlett', 'TX', 76511),
(226, 'Bastrop', 'TX', 78602),
(227, 'Batesville', 'TX', 78829),
(228, 'Batson', 'TX', 77519),
(229, 'Bay City', 'TX', 77404),
(230, 'Bay City', 'TX', 77414),
(231, 'Bayside', 'TX', 78340),
(232, 'Baytown', 'TX', 77520),
(233, 'Baytown', 'TX', 77521),
(234, 'Baytown', 'TX', 77522),
(235, 'Beasley', 'TX', 77417),
(236, 'Beaumont', 'TX', 77701),
(237, 'Beaumont', 'TX', 77702),
(238, 'Beaumont', 'TX', 77703),
(239, 'Beaumont', 'TX', 77704),
(240, 'Beaumont', 'TX', 77705),
(241, 'Beaumont', 'TX', 77706),
(242, 'Beaumont', 'TX', 77707),
(243, 'Beaumont', 'TX', 77708),
(244, 'Beaumont', 'TX', 77709),
(245, 'Beaumont', 'TX', 77710),
(246, 'Beaumont', 'TX', 77713),
(247, 'Beaumont', 'TX', 77720),
(248, 'Beaumont', 'TX', 77725),
(249, 'Beaumont', 'TX', 77726),
(250, 'Beckville', 'TX', 75631),
(251, 'Bedford', 'TX', 76021),
(252, 'Bedford', 'TX', 76022),
(253, 'Bedford', 'TX', 76095),
(254, 'Bedias', 'TX', 77831),
(255, 'Beeville', 'TX', 78102),
(256, 'Beeville', 'TX', 78104),
(257, 'Bellaire', 'TX', 77401),
(258, 'Bellaire', 'TX', 77402),
(259, 'Bellevue', 'TX', 76228),
(260, 'Bells', 'TX', 75414),
(261, 'Bellville', 'TX', 77418),
(262, 'Belmont', 'TX', 78604),
(263, 'Belton', 'TX', 76513),
(264, 'Ben Bolt', 'TX', 78342),
(265, 'Ben Franklin', 'TX', 75415),
(266, 'Ben Wheeler', 'TX', 75754),
(267, 'Benavides', 'TX', 78341),
(268, 'Bend', 'TX', 76824),
(269, 'Benjamin', 'TX', 79505),
(270, 'Berclair', 'TX', 78107),
(271, 'Bergheim', 'TX', 78004),
(272, 'Bertram', 'TX', 78605),
(273, 'Big Bend National Park', 'TX', 79834),
(274, 'Big Lake', 'TX', 76932),
(275, 'Big Sandy', 'TX', 75755),
(276, 'Big Sandy', 'TX', 75797),
(277, 'Big Spring', 'TX', 79720),
(278, 'Big Spring', 'TX', 79721),
(279, 'Big Wells', 'TX', 78830),
(280, 'Bigfoot', 'TX', 78005),
(281, 'Bishop', 'TX', 78343),
(282, 'Bivins', 'TX', 75555),
(283, 'Blackwell', 'TX', 79506),
(284, 'Blanco', 'TX', 78606),
(285, 'Blanket', 'TX', 76432),
(286, 'Bledsoe', 'TX', 79314),
(287, 'Bleiblerville', 'TX', 78931),
(288, 'Blessing', 'TX', 77419),
(289, 'Bloomburg', 'TX', 75556),
(290, 'Blooming Grove', 'TX', 76626),
(291, 'Bloomington', 'TX', 77951),
(292, 'Blossom', 'TX', 75416),
(293, 'Blue Ridge', 'TX', 75424),
(294, 'Bluegrove', 'TX', 76352),
(295, 'Bluff Dale', 'TX', 76433),
(296, 'Bluffton', 'TX', 78607),
(297, 'Blum', 'TX', 76627),
(298, 'Boerne', 'TX', 78006),
(299, 'Boerne', 'TX', 78015),
(300, 'Bogata', 'TX', 75417),
(301, 'Boling', 'TX', 77420),
(302, 'Bon Wier', 'TX', 75928),
(303, 'Bonham', 'TX', 75418),
(304, 'Booker', 'TX', 79005),
(305, 'Borger', 'TX', 79007),
(306, 'Borger', 'TX', 79008),
(307, 'Bovina', 'TX', 79009),
(308, 'Bowie', 'TX', 76230),
(309, 'Boyd', 'TX', 76023),
(310, 'Boys Ranch', 'TX', 79010),
(311, 'Brackettville', 'TX', 78832),
(312, 'Brady', 'TX', 76825),
(313, 'Brandon', 'TX', 76628),
(314, 'Brashear', 'TX', 75420),
(315, 'Brazoria', 'TX', 77422),
(316, 'Breckenridge', 'TX', 76424),
(317, 'Bremond', 'TX', 76629),
(318, 'Brenham', 'TX', 77833),
(319, 'Brenham', 'TX', 77834),
(320, 'Bridge City', 'TX', 77611),
(321, 'Bridgeport', 'TX', 76426),
(322, 'Briggs', 'TX', 78608),
(323, 'Briscoe', 'TX', 79011),
(324, 'Broaddus', 'TX', 75929),
(325, 'Bronson', 'TX', 75930),
(326, 'Bronte', 'TX', 76933),
(327, 'Brookeland', 'TX', 75931),
(328, 'Brookesmith', 'TX', 76827),
(329, 'Brookshire', 'TX', 77423),
(330, 'Brookston', 'TX', 75421),
(331, 'Brownfield', 'TX', 79316),
(332, 'Brownsboro', 'TX', 75756),
(333, 'Brownsville', 'TX', 78520),
(334, 'Brownsville', 'TX', 78521),
(335, 'Brownsville', 'TX', 78522),
(336, 'Brownsville', 'TX', 78523),
(337, 'Brownsville', 'TX', 78526),
(338, 'Brownwood', 'TX', 76801),
(339, 'Brownwood', 'TX', 76803),
(340, 'Brownwood', 'TX', 76804),
(341, 'Bruceville', 'TX', 76630),
(342, 'Bruni', 'TX', 78344),
(343, 'Bryan', 'TX', 77801),
(344, 'Bryan', 'TX', 77802),
(345, 'Bryan', 'TX', 77803),
(346, 'Bryan', 'TX', 77805),
(347, 'Bryan', 'TX', 77806),
(348, 'Bryan', 'TX', 77807),
(349, 'Bryan', 'TX', 77808),
(350, 'Bryson', 'TX', 76427),
(351, 'Buchanan Dam', 'TX', 78609),
(352, 'Buckholts', 'TX', 76518),
(353, 'Buda', 'TX', 78610),
(354, 'Buffalo', 'TX', 75831),
(355, 'Buffalo Gap', 'TX', 79508),
(356, 'Bula', 'TX', 79320),
(357, 'Bullard', 'TX', 75757),
(358, 'Bulverde', 'TX', 78163),
(359, 'Buna', 'TX', 77612),
(360, 'Burkburnett', 'TX', 76354),
(361, 'Burkett', 'TX', 76828),
(362, 'Burkeville', 'TX', 75932),
(363, 'Burleson', 'TX', 76028),
(364, 'Burleson', 'TX', 76097),
(365, 'Burlington', 'TX', 76519),
(366, 'Burnet', 'TX', 78611),
(367, 'Burton', 'TX', 77835),
(368, 'Bushland', 'TX', 79012),
(369, 'Byers', 'TX', 76357),
(370, 'Bynum', 'TX', 76631),
(371, 'Cactus', 'TX', 79013),
(372, 'Caddo', 'TX', 76429),
(373, 'Caddo Mills', 'TX', 75135),
(374, 'Caldwell', 'TX', 77836),
(375, 'Call', 'TX', 75933),
(376, 'Calliham', 'TX', 78007),
(377, 'Calvert', 'TX', 77837),
(378, 'Camden', 'TX', 75934),
(379, 'Cameron', 'TX', 76520),
(380, 'Camp Wood', 'TX', 78833),
(381, 'Campbell', 'TX', 75422),
(382, 'Campbellton', 'TX', 78008),
(383, 'Canadian', 'TX', 79014),
(384, 'Canton', 'TX', 75103),
(385, 'Canutillo', 'TX', 79835),
(386, 'Canyon', 'TX', 79015),
(387, 'Canyon', 'TX', 79016),
(388, 'Canyon Lake', 'TX', 78133),
(389, 'Carbon', 'TX', 76435),
(390, 'Carlsbad', 'TX', 76934),
(391, 'Carlton', 'TX', 76436),
(392, 'Carmine', 'TX', 78932),
(393, 'Carrizo Springs', 'TX', 78834),
(394, 'Carrollton', 'TX', 75006),
(395, 'Carrollton', 'TX', 75007),
(396, 'Carrollton', 'TX', 75010),
(397, 'Carrollton', 'TX', 75011),
(398, 'Carthage', 'TX', 75633),
(399, 'Cason', 'TX', 75636),
(400, 'Castell', 'TX', 76831),
(401, 'Castroville', 'TX', 78009),
(402, 'Cat Spring', 'TX', 78933),
(403, 'Catarina', 'TX', 78836),
(404, 'Cayuga', 'TX', 75832),
(405, 'Cedar Creek', 'TX', 78612),
(406, 'Cedar Hill', 'TX', 75104),
(407, 'Cedar Hill', 'TX', 75106),
(408, 'Cedar Lane', 'TX', 77415),
(409, 'Cedar Park', 'TX', 78613),
(410, 'Cedar Park', 'TX', 78630),
(411, 'Cee Vee', 'TX', 79223),
(412, 'Celeste', 'TX', 75423),
(413, 'Celina', 'TX', 75009),
(414, 'Center', 'TX', 75935),
(415, 'Center Point', 'TX', 78010),
(416, 'Centerville', 'TX', 75833),
(417, 'Centralia', 'TX', 75834),
(418, 'Chandler', 'TX', 75758),
(419, 'Channelview', 'TX', 77530),
(420, 'Channing', 'TX', 79018),
(421, 'Chapman Ranch', 'TX', 78347),
(422, 'Chappell Hill', 'TX', 77426),
(423, 'Charlotte', 'TX', 78011),
(424, 'Chatfield', 'TX', 75105),
(425, 'Cherokee', 'TX', 76832),
(426, 'Chester', 'TX', 75936),
(427, 'Chico', 'TX', 76431),
(428, 'Chicota', 'TX', 75425),
(429, 'Childress', 'TX', 79201),
(430, 'Chillicothe', 'TX', 79225),
(431, 'Chilton', 'TX', 76632),
(432, 'China', 'TX', 77613),
(433, 'China Spring', 'TX', 76633),
(434, 'Chireno', 'TX', 75937),
(435, 'Chriesman', 'TX', 77838),
(436, 'Christine', 'TX', 78012),
(437, 'Christoval', 'TX', 76935),
(438, 'Cibolo', 'TX', 78108),
(439, 'Cisco', 'TX', 76437),
(440, 'Clarendon', 'TX', 79226),
(441, 'Clarksville', 'TX', 75426),
(442, 'Claude', 'TX', 79019),
(443, 'Clayton', 'TX', 75637),
(444, 'Cleburne', 'TX', 76031),
(445, 'Cleburne', 'TX', 76033),
(446, 'Cleveland', 'TX', 77327),
(447, 'Cleveland', 'TX', 77328),
(448, 'Clifton', 'TX', 76634),
(449, 'Clint', 'TX', 79836),
(450, 'Clute', 'TX', 77531),
(451, 'Clyde', 'TX', 79510),
(452, 'Coahoma', 'TX', 79511),
(453, 'Coldspring', 'TX', 77331),
(454, 'Coleman', 'TX', 76834),
(455, 'College Station', 'TX', 77840),
(456, 'College Station', 'TX', 77841),
(457, 'College Station', 'TX', 77842),
(458, 'College Station', 'TX', 77843),
(459, 'College Station', 'TX', 77844),
(460, 'College Station', 'TX', 77845),
(461, 'Collegeport', 'TX', 77428),
(462, 'Colleyville', 'TX', 76034),
(463, 'Collinsville', 'TX', 76233),
(464, 'Colmesneil', 'TX', 75938),
(465, 'Colorado City', 'TX', 79512),
(466, 'Columbus', 'TX', 78934),
(467, 'Comanche', 'TX', 76442),
(468, 'Combes', 'TX', 78535),
(469, 'Comfort', 'TX', 78013),
(470, 'Commerce', 'TX', 75428),
(471, 'Commerce', 'TX', 75429),
(472, 'Como', 'TX', 75431),
(473, 'Comstock', 'TX', 78837),
(474, 'Concan', 'TX', 78838),
(475, 'Concepcion', 'TX', 78349),
(476, 'Concord', 'TX', 77850),
(477, 'Conroe', 'TX', 77301),
(478, 'Conroe', 'TX', 77302),
(479, 'Conroe', 'TX', 77303),
(480, 'Conroe', 'TX', 77304),
(481, 'Conroe', 'TX', 77305),
(482, 'Conroe', 'TX', 77306),
(483, 'Conroe', 'TX', 77384),
(484, 'Conroe', 'TX', 77385),
(485, 'Converse', 'TX', 78109),
(486, 'Cookville', 'TX', 75558),
(487, 'Coolidge', 'TX', 76635),
(488, 'Cooper', 'TX', 75432),
(489, 'Copeville', 'TX', 75121),
(490, 'Coppell', 'TX', 75019),
(491, 'Coppell', 'TX', 75099),
(492, 'Copperas Cove', 'TX', 76522),
(493, 'Corpus Christi', 'TX', 78401),
(494, 'Corpus Christi', 'TX', 78402),
(495, 'Corpus Christi', 'TX', 78403),
(496, 'Corpus Christi', 'TX', 78404),
(497, 'Corpus Christi', 'TX', 78405),
(498, 'Corpus Christi', 'TX', 78406),
(499, 'Corpus Christi', 'TX', 78407),
(500, 'Corpus Christi', 'TX', 78408),
(501, 'Corpus Christi', 'TX', 78409),
(502, 'Corpus Christi', 'TX', 78410),
(503, 'Corpus Christi', 'TX', 78411),
(504, 'Corpus Christi', 'TX', 78412),
(505, 'Corpus Christi', 'TX', 78413),
(506, 'Corpus Christi', 'TX', 78414),
(507, 'Corpus Christi', 'TX', 78415),
(508, 'Corpus Christi', 'TX', 78416),
(509, 'Corpus Christi', 'TX', 78417),
(510, 'Corpus Christi', 'TX', 78418),
(511, 'Corpus Christi', 'TX', 78419),
(512, 'Corpus Christi', 'TX', 78426),
(513, 'Corpus Christi', 'TX', 78427),
(514, 'Corpus Christi', 'TX', 78460),
(515, 'Corpus Christi', 'TX', 78461),
(516, 'Corpus Christi', 'TX', 78463),
(517, 'Corpus Christi', 'TX', 78465),
(518, 'Corpus Christi', 'TX', 78466),
(519, 'Corpus Christi', 'TX', 78467),
(520, 'Corpus Christi', 'TX', 78468),
(521, 'Corpus Christi', 'TX', 78469),
(522, 'Corpus Christi', 'TX', 78470),
(523, 'Corpus Christi', 'TX', 78471),
(524, 'Corpus Christi', 'TX', 78472),
(525, 'Corpus Christi', 'TX', 78473),
(526, 'Corpus Christi', 'TX', 78474),
(527, 'Corpus Christi', 'TX', 78475),
(528, 'Corpus Christi', 'TX', 78476),
(529, 'Corpus Christi', 'TX', 78477),
(530, 'Corpus Christi', 'TX', 78478),
(531, 'Corpus Christi', 'TX', 78480),
(532, 'Corrigan', 'TX', 75939),
(533, 'Corsicana', 'TX', 75109),
(534, 'Corsicana', 'TX', 75110),
(535, 'Corsicana', 'TX', 75151),
(536, 'Cost', 'TX', 78614),
(537, 'Cotton Center', 'TX', 79021),
(538, 'Cotulla', 'TX', 78014),
(539, 'Coupland', 'TX', 78615),
(540, 'Covington', 'TX', 76636),
(541, 'Coyanosa', 'TX', 79730),
(542, 'Crandall', 'TX', 75114),
(543, 'Crane', 'TX', 79731),
(544, 'Cranfills Gap', 'TX', 76637),
(545, 'Crawford', 'TX', 76638),
(546, 'Cresson', 'TX', 76035),
(547, 'Crockett', 'TX', 75835),
(548, 'Crosby', 'TX', 77532),
(549, 'Crosbyton', 'TX', 79322),
(550, 'Cross Plains', 'TX', 76443),
(551, 'Crowell', 'TX', 79227),
(552, 'Crowley', 'TX', 76036),
(553, 'Crystal City', 'TX', 78839),
(554, 'Cuero', 'TX', 77954),
(555, 'Cumby', 'TX', 75433),
(556, 'Cuney', 'TX', 75759),
(557, 'Cunningham', 'TX', 75434),
(558, 'Cushing', 'TX', 75760),
(559, 'Cypress', 'TX', 77410),
(560, 'Cypress', 'TX', 77429),
(561, 'Cypress', 'TX', 77433),
(562, 'D Hanis', 'TX', 78850),
(563, 'Daingerfield', 'TX', 75638),
(564, 'Daisetta', 'TX', 77533),
(565, 'Dale', 'TX', 78616),
(566, 'Dalhart', 'TX', 79022),
(567, 'Dallardsville', 'TX', 77332),
(569, 'Dallas', 'TX', 75202),
(570, 'Dallas', 'TX', 75203),
(571, 'Dallas', 'TX', 75204),
(572, 'Dallas', 'TX', 75205),
(573, 'Dallas', 'TX', 75206),
(574, 'Dallas', 'TX', 75207),
(575, 'Dallas', 'TX', 75208),
(576, 'Dallas', 'TX', 75209),
(577, 'Dallas', 'TX', 75210),
(578, 'Dallas', 'TX', 75211),
(579, 'Dallas', 'TX', 75212),
(580, 'Dallas', 'TX', 75214),
(581, 'Dallas', 'TX', 75215),
(582, 'Dallas', 'TX', 75216),
(583, 'Dallas', 'TX', 75217),
(584, 'Dallas', 'TX', 75218),
(585, 'Dallas', 'TX', 75219),
(586, 'Dallas', 'TX', 75220),
(587, 'Dallas', 'TX', 75221),
(588, 'Dallas', 'TX', 75222),
(589, 'Dallas', 'TX', 75223),
(590, 'Dallas', 'TX', 75224),
(591, 'Dallas', 'TX', 75225),
(592, 'Dallas', 'TX', 75226),
(593, 'Dallas', 'TX', 75227),
(594, 'Dallas', 'TX', 75228),
(595, 'Dallas', 'TX', 75229),
(596, 'Dallas', 'TX', 75230),
(597, 'Dallas', 'TX', 75231),
(598, 'Dallas', 'TX', 75232),
(599, 'Dallas', 'TX', 75233),
(600, 'Dallas', 'TX', 75234),
(601, 'Dallas', 'TX', 75235),
(602, 'Dallas', 'TX', 75236),
(603, 'Dallas', 'TX', 75237),
(604, 'Dallas', 'TX', 75238),
(605, 'Dallas', 'TX', 75240),
(606, 'Dallas', 'TX', 75241),
(607, 'Dallas', 'TX', 75242),
(608, 'Dallas', 'TX', 75243),
(609, 'Dallas', 'TX', 75244),
(610, 'Dallas', 'TX', 75245),
(611, 'Dallas', 'TX', 75246),
(612, 'Dallas', 'TX', 75247),
(613, 'Dallas', 'TX', 75248),
(614, 'Dallas', 'TX', 75249),
(615, 'Dallas', 'TX', 75250),
(616, 'Dallas', 'TX', 75251),
(617, 'Dallas', 'TX', 75252),
(618, 'Dallas', 'TX', 75253),
(619, 'Dallas', 'TX', 75254),
(620, 'Dallas', 'TX', 75258),
(621, 'Dallas', 'TX', 75260),
(622, 'Dallas', 'TX', 75261),
(623, 'Dallas', 'TX', 75262),
(624, 'Dallas', 'TX', 75263),
(625, 'Dallas', 'TX', 75264),
(626, 'Dallas', 'TX', 75265),
(627, 'Dallas', 'TX', 75266),
(628, 'Dallas', 'TX', 75267),
(629, 'Dallas', 'TX', 75270),
(630, 'Dallas', 'TX', 75275),
(631, 'Dallas', 'TX', 75277),
(632, 'Dallas', 'TX', 75283),
(633, 'Dallas', 'TX', 75284),
(634, 'Dallas', 'TX', 75285),
(635, 'Dallas', 'TX', 75286),
(636, 'Dallas', 'TX', 75287),
(637, 'Dallas', 'TX', 75301),
(638, 'Dallas', 'TX', 75303),
(639, 'Dallas', 'TX', 75310),
(640, 'Dallas', 'TX', 75312),
(641, 'Dallas', 'TX', 75313),
(642, 'Dallas', 'TX', 75315),
(643, 'Dallas', 'TX', 75320),
(644, 'Dallas', 'TX', 75323),
(645, 'Dallas', 'TX', 75326),
(646, 'Dallas', 'TX', 75334),
(647, 'Dallas', 'TX', 75336),
(648, 'Dallas', 'TX', 75339),
(649, 'Dallas', 'TX', 75340),
(650, 'Dallas', 'TX', 75342),
(651, 'Dallas', 'TX', 75343),
(652, 'Dallas', 'TX', 75344),
(653, 'Dallas', 'TX', 75353),
(654, 'Dallas', 'TX', 75354),
(655, 'Dallas', 'TX', 75355),
(656, 'Dallas', 'TX', 75356),
(657, 'Dallas', 'TX', 75357),
(658, 'Dallas', 'TX', 75358),
(659, 'Dallas', 'TX', 75359),
(660, 'Dallas', 'TX', 75360),
(661, 'Dallas', 'TX', 75363),
(662, 'Dallas', 'TX', 75364),
(663, 'Dallas', 'TX', 75367),
(664, 'Dallas', 'TX', 75368),
(665, 'Dallas', 'TX', 75370),
(666, 'Dallas', 'TX', 75371),
(667, 'Dallas', 'TX', 75372),
(668, 'Dallas', 'TX', 75373),
(669, 'Dallas', 'TX', 75374),
(670, 'Dallas', 'TX', 75376),
(671, 'Dallas', 'TX', 75378),
(672, 'Dallas', 'TX', 75379),
(673, 'Dallas', 'TX', 75380),
(674, 'Dallas', 'TX', 75381),
(675, 'Dallas', 'TX', 75382),
(676, 'Dallas', 'TX', 75386),
(677, 'Dallas', 'TX', 75387),
(678, 'Dallas', 'TX', 75388),
(679, 'Dallas', 'TX', 75389),
(680, 'Dallas', 'TX', 75390),
(681, 'Dallas', 'TX', 75391),
(682, 'Dallas', 'TX', 75392),
(683, 'Dallas', 'TX', 75393),
(684, 'Dallas', 'TX', 75394),
(685, 'Dallas', 'TX', 75395),
(686, 'Dallas', 'TX', 75396),
(687, 'Dallas', 'TX', 75397),
(688, 'Dallas', 'TX', 75398),
(689, 'Damon', 'TX', 77430),
(690, 'Danbury', 'TX', 77534),
(691, 'Danciger', 'TX', 77431),
(692, 'Danevang', 'TX', 77432),
(693, 'Darrouzett', 'TX', 79024),
(694, 'Davilla', 'TX', 76523),
(695, 'Dawn', 'TX', 79025),
(696, 'Dawson', 'TX', 76639),
(697, 'Dayton', 'TX', 77535),
(698, 'De Berry', 'TX', 75639),
(699, 'De Kalb', 'TX', 75559),
(700, 'De Leon', 'TX', 76444),
(701, 'Deanville', 'TX', 77852),
(702, 'Decatur', 'TX', 76234),
(703, 'Deer Park', 'TX', 77536),
(704, 'Del Rio', 'TX', 78840),
(705, 'Del Rio', 'TX', 78841),
(706, 'Del Rio', 'TX', 78842),
(707, 'Del Rio', 'TX', 78847),
(708, 'Del Valle', 'TX', 78617),
(709, 'Dell City', 'TX', 79837),
(710, 'Delmita', 'TX', 78536),
(711, 'Denison', 'TX', 75020),
(712, 'Denison', 'TX', 75021),
(713, 'Dennis', 'TX', 76439),
(714, 'Denton', 'TX', 76201),
(715, 'Denton', 'TX', 76202),
(716, 'Denton', 'TX', 76203),
(717, 'Denton', 'TX', 76204),
(718, 'Denton', 'TX', 76205),
(719, 'Denton', 'TX', 76206),
(720, 'Denton', 'TX', 76207),
(721, 'Denton', 'TX', 76208),
(722, 'Denton', 'TX', 76209),
(723, 'Denton', 'TX', 76210),
(724, 'Denver City', 'TX', 79323),
(725, 'Deport', 'TX', 75435),
(726, 'Desdemona', 'TX', 76445),
(727, 'Desoto', 'TX', 75115),
(728, 'Desoto', 'TX', 75123),
(729, 'Detroit', 'TX', 75436),
(730, 'Devers', 'TX', 77538),
(731, 'Devine', 'TX', 78016),
(732, 'Deweyville', 'TX', 77614),
(733, 'Diana', 'TX', 75640),
(734, 'Diboll', 'TX', 75941),
(735, 'Dickens', 'TX', 79229),
(736, 'Dickinson', 'TX', 77539),
(737, 'Dike', 'TX', 75437),
(738, 'Dilley', 'TX', 78017),
(739, 'Dime Box', 'TX', 77853),
(740, 'Dimmitt', 'TX', 79027),
(741, 'Dinero', 'TX', 78350),
(742, 'Dobbin', 'TX', 77333),
(743, 'Dodd City', 'TX', 75438),
(744, 'Dodge', 'TX', 77334),
(745, 'Dodson', 'TX', 79230),
(746, 'Donie', 'TX', 75838),
(747, 'Donna', 'TX', 78537),
(748, 'Doole', 'TX', 76836),
(749, 'Doss', 'TX', 78618),
(750, 'Doucette', 'TX', 75942),
(751, 'Dougherty', 'TX', 79231),
(752, 'Douglass', 'TX', 75943),
(753, 'Douglassville', 'TX', 75560),
(754, 'Driftwood', 'TX', 78619),
(755, 'Dripping Springs', 'TX', 78620),
(756, 'Driscoll', 'TX', 78351),
(757, 'Dryden', 'TX', 78851),
(758, 'Dublin', 'TX', 76446),
(759, 'Dumas', 'TX', 79029),
(760, 'Duncanville', 'TX', 75116),
(761, 'Duncanville', 'TX', 75137),
(762, 'Duncanville', 'TX', 75138),
(763, 'Dunn', 'TX', 79516),
(764, 'Dyess Afb', 'TX', 79607),
(765, 'Eagle Lake', 'TX', 77434),
(766, 'Eagle Pass', 'TX', 78852),
(767, 'Eagle Pass', 'TX', 78853),
(768, 'Early', 'TX', 76802),
(769, 'Earth', 'TX', 79031),
(770, 'East Bernard', 'TX', 77435),
(771, 'Eastland', 'TX', 76448),
(772, 'Easton', 'TX', 75641),
(773, 'Ecleto', 'TX', 78111),
(774, 'Ector', 'TX', 75439),
(775, 'Edcouch', 'TX', 78538),
(776, 'Eddy', 'TX', 76524),
(777, 'Eden', 'TX', 76837),
(778, 'Edgewood', 'TX', 75117),
(779, 'Edinburg', 'TX', 78539),
(780, 'Edinburg', 'TX', 78540),
(781, 'Edinburg', 'TX', 78541),
(782, 'Edmonson', 'TX', 79032),
(783, 'Edna', 'TX', 77957),
(784, 'Edroy', 'TX', 78352),
(785, 'Egypt', 'TX', 77436),
(786, 'El Campo', 'TX', 77437),
(787, 'El Indio', 'TX', 78860),
(788, 'El Paso', 'TX', 79901),
(789, 'El Paso', 'TX', 79902),
(790, 'El Paso', 'TX', 79903),
(791, 'El Paso', 'TX', 79904),
(792, 'El Paso', 'TX', 79905),
(793, 'El Paso', 'TX', 79906),
(794, 'El Paso', 'TX', 79907),
(795, 'El Paso', 'TX', 79908),
(796, 'El Paso', 'TX', 79910),
(797, 'El Paso', 'TX', 79911),
(798, 'El Paso', 'TX', 79912),
(799, 'El Paso', 'TX', 79913),
(800, 'El Paso', 'TX', 79914),
(801, 'El Paso', 'TX', 79915),
(802, 'El Paso', 'TX', 79916),
(803, 'El Paso', 'TX', 79917),
(804, 'El Paso', 'TX', 79918),
(805, 'El Paso', 'TX', 79920),
(806, 'El Paso', 'TX', 79922),
(807, 'El Paso', 'TX', 79923),
(808, 'El Paso', 'TX', 79924),
(809, 'El Paso', 'TX', 79925),
(810, 'El Paso', 'TX', 79926),
(811, 'El Paso', 'TX', 79927),
(812, 'El Paso', 'TX', 79928),
(813, 'El Paso', 'TX', 79929),
(814, 'El Paso', 'TX', 79930),
(815, 'El Paso', 'TX', 79931),
(816, 'El Paso', 'TX', 79932),
(817, 'El Paso', 'TX', 79934),
(818, 'El Paso', 'TX', 79935),
(819, 'El Paso', 'TX', 79936),
(820, 'El Paso', 'TX', 79937),
(821, 'El Paso', 'TX', 79938),
(822, 'El Paso', 'TX', 79940),
(823, 'El Paso', 'TX', 79941),
(824, 'El Paso', 'TX', 79942),
(825, 'El Paso', 'TX', 79943),
(826, 'El Paso', 'TX', 79944),
(827, 'El Paso', 'TX', 79945),
(828, 'El Paso', 'TX', 79946),
(829, 'El Paso', 'TX', 79947),
(830, 'El Paso', 'TX', 79948),
(831, 'El Paso', 'TX', 79949),
(832, 'El Paso', 'TX', 79950),
(833, 'El Paso', 'TX', 79951),
(834, 'El Paso', 'TX', 79952),
(835, 'El Paso', 'TX', 79953),
(836, 'El Paso', 'TX', 79954),
(837, 'El Paso', 'TX', 79955),
(838, 'El Paso', 'TX', 79958),
(839, 'El Paso', 'TX', 79960),
(840, 'El Paso', 'TX', 79961),
(841, 'El Paso', 'TX', 79968),
(842, 'El Paso', 'TX', 79976),
(843, 'El Paso', 'TX', 79978),
(844, 'El Paso', 'TX', 79980),
(845, 'El Paso', 'TX', 79990),
(846, 'El Paso', 'TX', 79995),
(847, 'El Paso', 'TX', 79996),
(848, 'El Paso', 'TX', 79997),
(849, 'El Paso', 'TX', 79998),
(850, 'El Paso', 'TX', 79999),
(851, 'El Paso', 'TX', 88510),
(852, 'El Paso', 'TX', 88511),
(853, 'El Paso', 'TX', 88512),
(854, 'El Paso', 'TX', 88513),
(855, 'El Paso', 'TX', 88514),
(856, 'El Paso', 'TX', 88515),
(857, 'El Paso', 'TX', 88516),
(858, 'El Paso', 'TX', 88517),
(859, 'El Paso', 'TX', 88518),
(860, 'El Paso', 'TX', 88519),
(861, 'El Paso', 'TX', 88520),
(862, 'El Paso', 'TX', 88521),
(863, 'El Paso', 'TX', 88523),
(864, 'El Paso', 'TX', 88524),
(865, 'El Paso', 'TX', 88525),
(866, 'El Paso', 'TX', 88526),
(867, 'El Paso', 'TX', 88527),
(868, 'El Paso', 'TX', 88528),
(869, 'El Paso', 'TX', 88529),
(870, 'El Paso', 'TX', 88530),
(871, 'El Paso', 'TX', 88531),
(872, 'El Paso', 'TX', 88532),
(873, 'El Paso', 'TX', 88533),
(874, 'El Paso', 'TX', 88534),
(875, 'El Paso', 'TX', 88535),
(876, 'El Paso', 'TX', 88536),
(877, 'El Paso', 'TX', 88538),
(878, 'El Paso', 'TX', 88539),
(879, 'El Paso', 'TX', 88540),
(880, 'El Paso', 'TX', 88541),
(881, 'El Paso', 'TX', 88542),
(882, 'El Paso', 'TX', 88543),
(883, 'El Paso', 'TX', 88544),
(884, 'El Paso', 'TX', 88545),
(885, 'El Paso', 'TX', 88546),
(886, 'El Paso', 'TX', 88547),
(887, 'El Paso', 'TX', 88548),
(888, 'El Paso', 'TX', 88549),
(889, 'El Paso', 'TX', 88550),
(890, 'El Paso', 'TX', 88553),
(891, 'El Paso', 'TX', 88554),
(892, 'El Paso', 'TX', 88555),
(893, 'El Paso', 'TX', 88556),
(894, 'El Paso', 'TX', 88557),
(895, 'El Paso', 'TX', 88558),
(896, 'El Paso', 'TX', 88559),
(897, 'El Paso', 'TX', 88560),
(898, 'El Paso', 'TX', 88561),
(899, 'El Paso', 'TX', 88562),
(900, 'El Paso', 'TX', 88563),
(901, 'El Paso', 'TX', 88565),
(902, 'El Paso', 'TX', 88566),
(903, 'El Paso', 'TX', 88567),
(904, 'El Paso', 'TX', 88568),
(905, 'El Paso', 'TX', 88569),
(906, 'El Paso', 'TX', 88570),
(907, 'El Paso', 'TX', 88571),
(908, 'El Paso', 'TX', 88572),
(909, 'El Paso', 'TX', 88573),
(910, 'El Paso', 'TX', 88574),
(911, 'El Paso', 'TX', 88575),
(912, 'El Paso', 'TX', 88576),
(913, 'El Paso', 'TX', 88577),
(914, 'El Paso', 'TX', 88578),
(915, 'El Paso', 'TX', 88579),
(916, 'El Paso', 'TX', 88580),
(917, 'El Paso', 'TX', 88581),
(918, 'El Paso', 'TX', 88582),
(919, 'El Paso', 'TX', 88583),
(920, 'El Paso', 'TX', 88584),
(921, 'El Paso', 'TX', 88585),
(922, 'El Paso', 'TX', 88586),
(923, 'El Paso', 'TX', 88587),
(924, 'El Paso', 'TX', 88588),
(925, 'El Paso', 'TX', 88589),
(926, 'El Paso', 'TX', 88590),
(927, 'El Paso', 'TX', 88595),
(928, 'Eldorado', 'TX', 76936),
(929, 'Electra', 'TX', 76360),
(930, 'Elgin', 'TX', 78621),
(931, 'Elkhart', 'TX', 75839),
(932, 'Ellinger', 'TX', 78938),
(933, 'Elm Mott', 'TX', 76640),
(934, 'Elmaton', 'TX', 77440),
(935, 'Elmendorf', 'TX', 78112),
(936, 'Elmo', 'TX', 75118),
(937, 'Elsa', 'TX', 78543),
(938, 'Elysian Fields', 'TX', 75642),
(939, 'Emory', 'TX', 75440),
(940, 'Encinal', 'TX', 78019),
(941, 'Encino', 'TX', 78353),
(942, 'Energy', 'TX', 76452),
(943, 'Enloe', 'TX', 75441),
(944, 'Ennis', 'TX', 75119),
(945, 'Ennis', 'TX', 75120),
(946, 'Enochs', 'TX', 79324),
(947, 'Eola', 'TX', 76937),
(948, 'Era', 'TX', 76238),
(949, 'Estelline', 'TX', 79233),
(950, 'Etoile', 'TX', 75944),
(951, 'Euless', 'TX', 76039),
(952, 'Euless', 'TX', 76040),
(953, 'Eustace', 'TX', 75124),
(954, 'Evadale', 'TX', 77615),
(955, 'Evant', 'TX', 76525),
(956, 'Fabens', 'TX', 79838),
(957, 'Fairfield', 'TX', 75840),
(958, 'Falcon Heights', 'TX', 78545),
(959, 'Falfurrias', 'TX', 78355),
(960, 'Falls City', 'TX', 78113),
(961, 'Fannin', 'TX', 77960),
(962, 'Farmersville', 'TX', 75442),
(963, 'Farnsworth', 'TX', 79033),
(964, 'Farwell', 'TX', 79325),
(965, 'Fate', 'TX', 75132),
(966, 'Fayetteville', 'TX', 78940),
(967, 'Fentress', 'TX', 78622),
(968, 'Ferris', 'TX', 75125),
(969, 'Fieldton', 'TX', 79326),
(970, 'Fischer', 'TX', 78623),
(971, 'Flat', 'TX', 76526),
(972, 'Flatonia', 'TX', 78941),
(973, 'Flint', 'TX', 75762),
(974, 'Flomot', 'TX', 79234),
(975, 'Florence', 'TX', 76527),
(976, 'Floresville', 'TX', 78114),
(978, 'Flower Mound', 'TX', 75027),
(979, 'Flower Mound', 'TX', 75028),
(980, 'Floydada', 'TX', 79235),
(981, 'Fluvanna', 'TX', 79517),
(982, 'Flynn', 'TX', 77855),
(983, 'Follett', 'TX', 79034),
(984, 'Forestburg', 'TX', 76239),
(985, 'Forney', 'TX', 75126),
(986, 'Forreston', 'TX', 76041),
(987, 'Forsan', 'TX', 79733),
(988, 'Fort Davis', 'TX', 79734),
(989, 'Fort Hancock', 'TX', 79839),
(990, 'Fort Mc Kavett', 'TX', 76841),
(991, 'Fort Stockton', 'TX', 79735),
(992, 'Fort Worth', 'TX', 76101),
(993, 'Fort Worth', 'TX', 76102),
(994, 'Fort Worth', 'TX', 76103),
(995, 'Fort Worth', 'TX', 76104),
(996, 'Fort Worth', 'TX', 76105),
(997, 'Fort Worth', 'TX', 76106),
(998, 'Fort Worth', 'TX', 76107),
(999, 'Fort Worth', 'TX', 76108),
(1000, 'Fort Worth', 'TX', 76109),
(1001, 'Fort Worth', 'TX', 76110),
(1002, 'Fort Worth', 'TX', 76111),
(1003, 'Fort Worth', 'TX', 76112),
(1004, 'Fort Worth', 'TX', 76113),
(1005, 'Fort Worth', 'TX', 76114),
(1006, 'Fort Worth', 'TX', 76115),
(1007, 'Fort Worth', 'TX', 76116),
(1008, 'Fort Worth', 'TX', 76118),
(1009, 'Fort Worth', 'TX', 76119),
(1010, 'Fort Worth', 'TX', 76120),
(1011, 'Fort Worth', 'TX', 76121),
(1012, 'Fort Worth', 'TX', 76122),
(1013, 'Fort Worth', 'TX', 76123),
(1014, 'Fort Worth', 'TX', 76124),
(1015, 'Fort Worth', 'TX', 76126),
(1016, 'Fort Worth', 'TX', 76129),
(1017, 'Fort Worth', 'TX', 76130),
(1018, 'Fort Worth', 'TX', 76131),
(1019, 'Fort Worth', 'TX', 76132),
(1020, 'Fort Worth', 'TX', 76133),
(1021, 'Fort Worth', 'TX', 76134),
(1022, 'Fort Worth', 'TX', 76135),
(1023, 'Fort Worth', 'TX', 76136),
(1024, 'Fort Worth', 'TX', 76137),
(1025, 'Fort Worth', 'TX', 76140),
(1026, 'Fort Worth', 'TX', 76147),
(1027, 'Fort Worth', 'TX', 76148),
(1028, 'Fort Worth', 'TX', 76150),
(1029, 'Fort Worth', 'TX', 76155),
(1030, 'Fort Worth', 'TX', 76161),
(1031, 'Fort Worth', 'TX', 76162),
(1032, 'Fort Worth', 'TX', 76163),
(1033, 'Fort Worth', 'TX', 76164),
(1034, 'Fort Worth', 'TX', 76177),
(1035, 'Fort Worth', 'TX', 76179),
(1036, 'Fort Worth', 'TX', 76181),
(1037, 'Fort Worth', 'TX', 76185),
(1038, 'Fort Worth', 'TX', 76191),
(1039, 'Fort Worth', 'TX', 76192),
(1040, 'Fort Worth', 'TX', 76193),
(1041, 'Fort Worth', 'TX', 76195),
(1042, 'Fort Worth', 'TX', 76196),
(1043, 'Fort Worth', 'TX', 76197),
(1044, 'Fort Worth', 'TX', 76198),
(1045, 'Fort Worth', 'TX', 76199),
(1046, 'Fowlerton', 'TX', 78021),
(1047, 'Francitas', 'TX', 77961),
(1048, 'Franklin', 'TX', 77856),
(1049, 'Frankston', 'TX', 75763),
(1050, 'Fred', 'TX', 77616),
(1051, 'Fredericksburg', 'TX', 78624),
(1052, 'Fredonia', 'TX', 76842),
(1053, 'Freeport', 'TX', 77541),
(1054, 'Freeport', 'TX', 77542),
(1055, 'Freer', 'TX', 78357),
(1056, 'Fresno', 'TX', 77545),
(1057, 'Friendswood', 'TX', 77546),
(1058, 'Friendswood', 'TX', 77549),
(1059, 'Friona', 'TX', 79035),
(1060, 'Frisco', 'TX', 75034),
(1061, 'Frisco', 'TX', 75035),
(1062, 'Fritch', 'TX', 79036),
(1063, 'Frost', 'TX', 76641),
(1064, 'Fruitvale', 'TX', 75127),
(1065, 'Fulshear', 'TX', 77441),
(1066, 'Fulton', 'TX', 78358),
(1067, 'Gail', 'TX', 79738),
(1068, 'Gainesville', 'TX', 76240),
(1069, 'Gainesville', 'TX', 76241),
(1070, 'Galena Park', 'TX', 77547),
(1071, 'Gallatin', 'TX', 75764),
(1072, 'Galveston', 'TX', 77550),
(1073, 'Galveston', 'TX', 77551),
(1074, 'Galveston', 'TX', 77552),
(1075, 'Galveston', 'TX', 77553),
(1076, 'Galveston', 'TX', 77554),
(1077, 'Galveston', 'TX', 77555),
(1078, 'Ganado', 'TX', 77962),
(1079, 'Garciasville', 'TX', 78547),
(1080, 'Garden City', 'TX', 79739),
(1081, 'Gardendale', 'TX', 79758),
(1082, 'Garland', 'TX', 75040),
(1083, 'Garland', 'TX', 75041),
(1084, 'Garland', 'TX', 75042),
(1085, 'Garland', 'TX', 75043),
(1086, 'Garland', 'TX', 75044),
(1087, 'Garland', 'TX', 75045),
(1088, 'Garland', 'TX', 75046),
(1089, 'Garland', 'TX', 75047),
(1090, 'Garland', 'TX', 75049),
(1091, 'Garrison', 'TX', 75946),
(1092, 'Garwood', 'TX', 77442),
(1093, 'Gary', 'TX', 75643),
(1094, 'Gatesville', 'TX', 76528),
(1095, 'Gatesville', 'TX', 76596),
(1096, 'Gatesville', 'TX', 76597),
(1097, 'Gatesville', 'TX', 76598),
(1098, 'Gatesville', 'TX', 76599),
(1099, 'Gause', 'TX', 77857),
(1100, 'George West', 'TX', 78022),
(1101, 'Georgetown', 'TX', 78626),
(1102, 'Georgetown', 'TX', 78627),
(1103, 'Georgetown', 'TX', 78628),
(1104, 'Geronimo', 'TX', 78115),
(1105, 'Giddings', 'TX', 78942),
(1106, 'Gilchrist', 'TX', 77617),
(1107, 'Gillett', 'TX', 78116),
(1108, 'Gilmer', 'TX', 75644),
(1109, 'Gilmer', 'TX', 75645),
(1110, 'Girard', 'TX', 79518),
(1111, 'Girvin', 'TX', 79740),
(1112, 'Gladewater', 'TX', 75647),
(1113, 'Glen Flora', 'TX', 77443),
(1114, 'Glen Rose', 'TX', 76043),
(1115, 'Glidden', 'TX', 78943),
(1116, 'Gober', 'TX', 75443),
(1117, 'Godley', 'TX', 76044),
(1118, 'Golden', 'TX', 75444),
(1119, 'Goldsboro', 'TX', 79519),
(1120, 'Goldsmith', 'TX', 79741),
(1121, 'Goldthwaite', 'TX', 76844),
(1122, 'Goliad', 'TX', 77963),
(1123, 'Gonzales', 'TX', 78629),
(1124, 'Goodfellow Afb', 'TX', 76908),
(1125, 'Goodrich', 'TX', 77335),
(1126, 'Gordon', 'TX', 76453),
(1127, 'Gordonville', 'TX', 76245),
(1128, 'Goree', 'TX', 76363),
(1129, 'Gorman', 'TX', 76454),
(1130, 'Gouldbusk', 'TX', 76845),
(1131, 'Graford', 'TX', 76449),
(1132, 'Graham', 'TX', 76450),
(1133, 'Granbury', 'TX', 76048),
(1134, 'Granbury', 'TX', 76049),
(1135, 'Grand Prairie', 'TX', 75050),
(1136, 'Grand Prairie', 'TX', 75051),
(1137, 'Grand Prairie', 'TX', 75052),
(1138, 'Grand Prairie', 'TX', 75053),
(1139, 'Grand Prairie', 'TX', 75054),
(1140, 'Grand Saline', 'TX', 75140),
(1141, 'Grandfalls', 'TX', 79742),
(1142, 'Grandview', 'TX', 76050),
(1143, 'Granger', 'TX', 76530),
(1144, 'Grapeland', 'TX', 75844),
(1145, 'Grapevine', 'TX', 76051),
(1146, 'Grapevine', 'TX', 76099),
(1147, 'Greenville', 'TX', 75401),
(1148, 'Greenville', 'TX', 75402),
(1149, 'Greenville', 'TX', 75403),
(1150, 'Greenville', 'TX', 75404),
(1151, 'Greenwood', 'TX', 76246),
(1152, 'Gregory', 'TX', 78359),
(1153, 'Groesbeck', 'TX', 76642),
(1154, 'Groom', 'TX', 79039),
(1155, 'Groves', 'TX', 77619),
(1156, 'Groveton', 'TX', 75845),
(1157, 'Grulla', 'TX', 78548),
(1158, 'Gruver', 'TX', 79040),
(1159, 'Guerra', 'TX', 78360),
(1160, 'Gunter', 'TX', 75058),
(1161, 'Gustine', 'TX', 76455),
(1162, 'Guthrie', 'TX', 79236),
(1163, 'Guy', 'TX', 77444),
(1164, 'Hale Center', 'TX', 79041),
(1165, 'Hallettsville', 'TX', 77964),
(1166, 'Hallsville', 'TX', 75650),
(1167, 'Haltom City', 'TX', 76117),
(1168, 'Hamilton', 'TX', 76531),
(1169, 'Hamlin', 'TX', 79520),
(1170, 'Hamshire', 'TX', 77622),
(1171, 'Hankamer', 'TX', 77560),
(1172, 'Happy', 'TX', 79042),
(1173, 'Hardin', 'TX', 77561),
(1174, 'Hargill', 'TX', 78549),
(1175, 'Harker Heights', 'TX', 76548),
(1176, 'Harleton', 'TX', 75651),
(1177, 'Harlingen', 'TX', 78550),
(1178, 'Harlingen', 'TX', 78551),
(1179, 'Harlingen', 'TX', 78552),
(1180, 'Harlingen', 'TX', 78553),
(1181, 'Harper', 'TX', 78631),
(1182, 'Harrold', 'TX', 76364),
(1183, 'Hart', 'TX', 79043),
(1184, 'Hartley', 'TX', 79044),
(1185, 'Harwood', 'TX', 78632),
(1186, 'Haskell', 'TX', 79521),
(1187, 'Haslet', 'TX', 76052),
(1188, 'Hawkins', 'TX', 75765),
(1189, 'Hawley', 'TX', 79525),
(1190, 'Hearne', 'TX', 77859),
(1191, 'Hebbronville', 'TX', 78361),
(1192, 'Hedley', 'TX', 79237),
(1193, 'Heidenheimer', 'TX', 76533),
(1194, 'Helotes', 'TX', 78023),
(1195, 'Hemphill', 'TX', 75948),
(1196, 'Hempstead', 'TX', 77445),
(1197, 'Henderson', 'TX', 75652),
(1198, 'Henderson', 'TX', 75653),
(1199, 'Henderson', 'TX', 75654),
(1200, 'Henrietta', 'TX', 76365),
(1201, 'Hereford', 'TX', 79045),
(1202, 'Hermleigh', 'TX', 79526),
(1203, 'Hewitt', 'TX', 76643),
(1204, 'Hext', 'TX', 76848),
(1205, 'Hico', 'TX', 76457),
(1206, 'Hidalgo', 'TX', 78557),
(1207, 'Higgins', 'TX', 79046),
(1208, 'High Island', 'TX', 77623),
(1209, 'Highlands', 'TX', 77562),
(1210, 'Hillister', 'TX', 77624),
(1211, 'Hillsboro', 'TX', 76645),
(1212, 'Hitchcock', 'TX', 77563),
(1213, 'Hobson', 'TX', 78117),
(1214, 'Hochheim', 'TX', 77967),
(1215, 'Hockley', 'TX', 77447),
(1216, 'Holland', 'TX', 76534),
(1217, 'Holliday', 'TX', 76366),
(1218, 'Hondo', 'TX', 78861),
(1219, 'Honey Grove', 'TX', 75446),
(1220, 'Hooks', 'TX', 75561),
(1221, 'Horseshoe Bay', 'TX', 78657),
(1222, 'Houston', 'TX', 77001),
(1223, 'Houston', 'TX', 77002),
(1224, 'Houston', 'TX', 77003),
(1225, 'Houston', 'TX', 77004),
(1226, 'Houston', 'TX', 77005),
(1227, 'Houston', 'TX', 77006),
(1228, 'Houston', 'TX', 77007),
(1229, 'Houston', 'TX', 77008),
(1230, 'Houston', 'TX', 77009),
(1231, 'Houston', 'TX', 77010),
(1232, 'Houston', 'TX', 77011),
(1233, 'Houston', 'TX', 77012),
(1234, 'Houston', 'TX', 77013),
(1235, 'Houston', 'TX', 77014),
(1236, 'Houston', 'TX', 77015),
(1237, 'Houston', 'TX', 77016),
(1238, 'Houston', 'TX', 77017),
(1239, 'Houston', 'TX', 77018),
(1240, 'Houston', 'TX', 77019),
(1241, 'Houston', 'TX', 77020),
(1242, 'Houston', 'TX', 77021),
(1243, 'Houston', 'TX', 77022),
(1244, 'Houston', 'TX', 77023),
(1245, 'Houston', 'TX', 77024),
(1246, 'Houston', 'TX', 77025),
(1247, 'Houston', 'TX', 77026),
(1248, 'Houston', 'TX', 77027),
(1249, 'Houston', 'TX', 77028),
(1250, 'Houston', 'TX', 77029),
(1251, 'Houston', 'TX', 77030),
(1252, 'Houston', 'TX', 77031),
(1253, 'Houston', 'TX', 77032),
(1254, 'Houston', 'TX', 77033),
(1255, 'Houston', 'TX', 77034),
(1256, 'Houston', 'TX', 77035),
(1257, 'Houston', 'TX', 77036),
(1258, 'Houston', 'TX', 77037),
(1259, 'Houston', 'TX', 77038),
(1260, 'Houston', 'TX', 77039),
(1261, 'Houston', 'TX', 77040),
(1262, 'Houston', 'TX', 77041),
(1263, 'Houston', 'TX', 77042),
(1264, 'Houston', 'TX', 77043),
(1265, 'Houston', 'TX', 77044),
(1266, 'Houston', 'TX', 77045),
(1267, 'Houston', 'TX', 77046),
(1268, 'Houston', 'TX', 77047),
(1269, 'Houston', 'TX', 77048),
(1270, 'Houston', 'TX', 77049),
(1271, 'Houston', 'TX', 77050),
(1272, 'Houston', 'TX', 77051),
(1273, 'Houston', 'TX', 77052),
(1274, 'Houston', 'TX', 77053),
(1275, 'Houston', 'TX', 77054),
(1276, 'Houston', 'TX', 77055),
(1277, 'Houston', 'TX', 77056),
(1278, 'Houston', 'TX', 77057),
(1279, 'Houston', 'TX', 77058),
(1280, 'Houston', 'TX', 77059),
(1281, 'Houston', 'TX', 77060),
(1282, 'Houston', 'TX', 77061),
(1283, 'Houston', 'TX', 77062),
(1284, 'Houston', 'TX', 77063),
(1285, 'Houston', 'TX', 77064),
(1286, 'Houston', 'TX', 77065),
(1287, 'Houston', 'TX', 77066),
(1288, 'Houston', 'TX', 77067),
(1289, 'Houston', 'TX', 77068),
(1290, 'Houston', 'TX', 77069),
(1291, 'Houston', 'TX', 77070),
(1292, 'Houston', 'TX', 77071),
(1293, 'Houston', 'TX', 77072),
(1294, 'Houston', 'TX', 77073),
(1295, 'Houston', 'TX', 77074),
(1296, 'Houston', 'TX', 77075),
(1297, 'Houston', 'TX', 77076),
(1298, 'Houston', 'TX', 77077),
(1299, 'Houston', 'TX', 77078),
(1300, 'Houston', 'TX', 77079),
(1301, 'Houston', 'TX', 77080),
(1302, 'Houston', 'TX', 77081),
(1303, 'Houston', 'TX', 77082),
(1304, 'Houston', 'TX', 77083),
(1305, 'Houston', 'TX', 77084),
(1306, 'Houston', 'TX', 77085),
(1307, 'Houston', 'TX', 77086),
(1308, 'Houston', 'TX', 77087),
(1309, 'Houston', 'TX', 77088),
(1310, 'Houston', 'TX', 77089),
(1311, 'Houston', 'TX', 77090),
(1312, 'Houston', 'TX', 77091),
(1313, 'Houston', 'TX', 77092),
(1314, 'Houston', 'TX', 77093),
(1315, 'Houston', 'TX', 77094),
(1316, 'Houston', 'TX', 77095),
(1317, 'Houston', 'TX', 77096),
(1318, 'Houston', 'TX', 77097),
(1319, 'Houston', 'TX', 77098),
(1320, 'Houston', 'TX', 77099),
(1321, 'Houston', 'TX', 77201),
(1322, 'Houston', 'TX', 77202),
(1323, 'Houston', 'TX', 77203),
(1324, 'Houston', 'TX', 77204),
(1325, 'Houston', 'TX', 77205),
(1326, 'Houston', 'TX', 77206),
(1327, 'Houston', 'TX', 77207),
(1328, 'Houston', 'TX', 77208),
(1329, 'Houston', 'TX', 77209),
(1330, 'Houston', 'TX', 77210),
(1331, 'Houston', 'TX', 77212),
(1332, 'Houston', 'TX', 77213),
(1333, 'Houston', 'TX', 77215),
(1334, 'Houston', 'TX', 77216),
(1335, 'Houston', 'TX', 77217),
(1336, 'Houston', 'TX', 77218),
(1337, 'Houston', 'TX', 77219),
(1338, 'Houston', 'TX', 77220),
(1339, 'Houston', 'TX', 77221),
(1340, 'Houston', 'TX', 77222),
(1341, 'Houston', 'TX', 77223),
(1342, 'Houston', 'TX', 77224),
(1343, 'Houston', 'TX', 77225),
(1344, 'Houston', 'TX', 77226),
(1345, 'Houston', 'TX', 77227),
(1346, 'Houston', 'TX', 77228),
(1347, 'Houston', 'TX', 77229),
(1348, 'Houston', 'TX', 77230),
(1349, 'Houston', 'TX', 77231),
(1350, 'Houston', 'TX', 77233),
(1351, 'Houston', 'TX', 77234),
(1352, 'Houston', 'TX', 77235),
(1353, 'Houston', 'TX', 77236),
(1354, 'Houston', 'TX', 77237),
(1355, 'Houston', 'TX', 77238),
(1356, 'Houston', 'TX', 77240),
(1357, 'Houston', 'TX', 77241),
(1358, 'Houston', 'TX', 77242),
(1359, 'Houston', 'TX', 77243),
(1360, 'Houston', 'TX', 77244),
(1361, 'Houston', 'TX', 77245),
(1362, 'Houston', 'TX', 77246),
(1363, 'Houston', 'TX', 77247),
(1364, 'Houston', 'TX', 77248),
(1365, 'Houston', 'TX', 77249),
(1366, 'Houston', 'TX', 77250),
(1367, 'Houston', 'TX', 77251),
(1368, 'Houston', 'TX', 77252),
(1369, 'Houston', 'TX', 77253),
(1370, 'Houston', 'TX', 77254),
(1371, 'Houston', 'TX', 77255),
(1372, 'Houston', 'TX', 77256),
(1373, 'Houston', 'TX', 77257),
(1374, 'Houston', 'TX', 77258),
(1375, 'Houston', 'TX', 77259),
(1376, 'Houston', 'TX', 77260),
(1377, 'Houston', 'TX', 77261),
(1378, 'Houston', 'TX', 77262),
(1379, 'Houston', 'TX', 77263),
(1380, 'Houston', 'TX', 77265),
(1381, 'Houston', 'TX', 77266),
(1382, 'Houston', 'TX', 77267),
(1383, 'Houston', 'TX', 77268),
(1384, 'Houston', 'TX', 77269),
(1385, 'Houston', 'TX', 77270),
(1386, 'Houston', 'TX', 77271),
(1387, 'Houston', 'TX', 77272),
(1388, 'Houston', 'TX', 77273),
(1389, 'Houston', 'TX', 77274),
(1390, 'Houston', 'TX', 77275),
(1391, 'Houston', 'TX', 77276),
(1392, 'Houston', 'TX', 77277),
(1393, 'Houston', 'TX', 77278),
(1394, 'Houston', 'TX', 77279),
(1395, 'Houston', 'TX', 77280),
(1396, 'Houston', 'TX', 77282),
(1397, 'Houston', 'TX', 77284),
(1398, 'Houston', 'TX', 77285),
(1399, 'Houston', 'TX', 77286),
(1400, 'Houston', 'TX', 77287),
(1401, 'Houston', 'TX', 77288),
(1402, 'Houston', 'TX', 77289),
(1403, 'Houston', 'TX', 77290),
(1404, 'Houston', 'TX', 77291),
(1405, 'Houston', 'TX', 77292),
(1406, 'Houston', 'TX', 77293),
(1407, 'Houston', 'TX', 77294),
(1408, 'Houston', 'TX', 77296),
(1409, 'Houston', 'TX', 77297),
(1410, 'Houston', 'TX', 77298),
(1411, 'Houston', 'TX', 77299),
(1412, 'Howe', 'TX', 75459),
(1413, 'Hubbard', 'TX', 76648),
(1414, 'Huffman', 'TX', 77336),
(1415, 'Hufsmith', 'TX', 77337),
(1416, 'Hughes Springs', 'TX', 75656),
(1417, 'Hull', 'TX', 77564),
(1418, 'Humble', 'TX', 77338),
(1419, 'Humble', 'TX', 77346),
(1420, 'Humble', 'TX', 77347),
(1421, 'Humble', 'TX', 77396),
(1422, 'Hungerford', 'TX', 77448),
(1423, 'Hunt', 'TX', 78024),
(1424, 'Huntington', 'TX', 75949),
(1425, 'Huntsville', 'TX', 77320),
(1426, 'Huntsville', 'TX', 77340),
(1427, 'Huntsville', 'TX', 77341),
(1428, 'Huntsville', 'TX', 77342),
(1429, 'Huntsville', 'TX', 77343),
(1430, 'Huntsville', 'TX', 77344),
(1431, 'Huntsville', 'TX', 77348),
(1432, 'Huntsville', 'TX', 77349),
(1433, 'Hurst', 'TX', 76053),
(1434, 'Hurst', 'TX', 76054),
(1435, 'Hutchins', 'TX', 75141),
(1436, 'Hutto', 'TX', 78634),
(1437, 'Hye', 'TX', 78635),
(1438, 'Idalou', 'TX', 79329),
(1439, 'Imperial', 'TX', 79743),
(1440, 'Industry', 'TX', 78944),
(1441, 'Inez', 'TX', 77968),
(1442, 'Ingleside', 'TX', 78362),
(1443, 'Ingram', 'TX', 78025),
(1444, 'Iola', 'TX', 77861),
(1445, 'Iowa Park', 'TX', 76367),
(1446, 'Ira', 'TX', 79527),
(1447, 'Iraan', 'TX', 79744),
(1448, 'Iredell', 'TX', 76649),
(1449, 'Irene', 'TX', 76650),
(1450, 'Irving', 'TX', 75014),
(1451, 'Irving', 'TX', 75015),
(1452, 'Irving', 'TX', 75016),
(1453, 'Irving', 'TX', 75017),
(1454, 'Irving', 'TX', 75037),
(1455, 'Irving', 'TX', 75038),
(1456, 'Irving', 'TX', 75039),
(1457, 'Irving', 'TX', 75060),
(1458, 'Irving', 'TX', 75061),
(1459, 'Irving', 'TX', 75062),
(1461, 'Italy', 'TX', 76651),
(1462, 'Itasca', 'TX', 76055),
(1463, 'Ivanhoe', 'TX', 75447),
(1464, 'Jacksboro', 'TX', 76458),
(1465, 'Jacksonville', 'TX', 75766),
(1466, 'Jarrell', 'TX', 76537),
(1467, 'Jasper', 'TX', 75951),
(1468, 'Jayton', 'TX', 79528),
(1469, 'Jefferson', 'TX', 75657),
(1470, 'Jermyn', 'TX', 76459),
(1471, 'Jewett', 'TX', 75846),
(1472, 'Joaquin', 'TX', 75954),
(1473, 'Johnson City', 'TX', 78636),
(1474, 'Joinerville', 'TX', 75658),
(1475, 'Jonesboro', 'TX', 76538),
(1476, 'Jonesville', 'TX', 75659),
(1477, 'Josephine', 'TX', 75164),
(1478, 'Joshua', 'TX', 76058),
(1479, 'Jourdanton', 'TX', 78026),
(1480, 'Judson', 'TX', 75660),
(1481, 'Junction', 'TX', 76849),
(1482, 'Justiceburg', 'TX', 79330),
(1483, 'Justin', 'TX', 76247),
(1484, 'Kamay', 'TX', 76369),
(1485, 'Karnack', 'TX', 75661),
(1486, 'Karnes City', 'TX', 78118),
(1487, 'Katy', 'TX', 77449),
(1488, 'Katy', 'TX', 77450),
(1489, 'Katy', 'TX', 77491),
(1490, 'Katy', 'TX', 77492),
(1491, 'Katy', 'TX', 77493),
(1492, 'Katy', 'TX', 77494),
(1493, 'Kaufman', 'TX', 75142),
(1494, 'Keene', 'TX', 76059),
(1495, 'Keller', 'TX', 76244),
(1496, 'Keller', 'TX', 76248),
(1497, 'Kemah', 'TX', 77565),
(1498, 'Kemp', 'TX', 75143),
(1499, 'Kempner', 'TX', 76539),
(1500, 'Kendalia', 'TX', 78027),
(1501, 'Kendleton', 'TX', 77451),
(1502, 'Kenedy', 'TX', 78119),
(1503, 'Kennard', 'TX', 75847),
(1504, 'Kennedale', 'TX', 76060),
(1505, 'Kenney', 'TX', 77452),
(1506, 'Kerens', 'TX', 75144),
(1507, 'Kermit', 'TX', 79745),
(1508, 'Kerrick', 'TX', 79051),
(1509, 'Kerrville', 'TX', 78028),
(1510, 'Kerrville', 'TX', 78029),
(1511, 'Kildare', 'TX', 75562),
(1512, 'Kilgore', 'TX', 75662),
(1513, 'Kilgore', 'TX', 75663),
(1514, 'Killeen', 'TX', 76540),
(1515, 'Killeen', 'TX', 76541),
(1516, 'Killeen', 'TX', 76542),
(1517, 'Killeen', 'TX', 76543),
(1518, 'Killeen', 'TX', 76544),
(1519, 'Killeen', 'TX', 76545),
(1520, 'Killeen', 'TX', 76546),
(1521, 'Killeen', 'TX', 76547),
(1522, 'Killeen', 'TX', 76549),
(1523, 'Kingsbury', 'TX', 78638),
(1524, 'Kingsland', 'TX', 78639),
(1525, 'Kingsville', 'TX', 78363),
(1526, 'Kingsville', 'TX', 78364),
(1527, 'Kingwood', 'TX', 77325),
(1528, 'Kingwood', 'TX', 77339),
(1529, 'Kingwood', 'TX', 77345),
(1530, 'Kirbyville', 'TX', 75956),
(1531, 'Kirvin', 'TX', 75848),
(1532, 'Klondike', 'TX', 75448),
(1533, 'Knickerbocker', 'TX', 76939),
(1534, 'Knippa', 'TX', 78870),
(1535, 'Knott', 'TX', 79748),
(1536, 'Knox City', 'TX', 79529),
(1537, 'Kopperl', 'TX', 76652),
(1538, 'Kosse', 'TX', 76653),
(1539, 'Kountze', 'TX', 77625),
(1540, 'Kress', 'TX', 79052),
(1541, 'Krum', 'TX', 76249),
(1542, 'Kurten', 'TX', 77862),
(1543, 'Kyle', 'TX', 78640),
(1544, 'La Blanca', 'TX', 78558),
(1545, 'La Coste', 'TX', 78039),
(1546, 'La Feria', 'TX', 78559),
(1547, 'La Grange', 'TX', 78945),
(1548, 'La Joya', 'TX', 78560),
(1549, 'La Marque', 'TX', 77568),
(1550, 'La Porte', 'TX', 77571),
(1551, 'La Porte', 'TX', 77572),
(1552, 'La Pryor', 'TX', 78872),
(1553, 'La Salle', 'TX', 77969),
(1554, 'La Vernia', 'TX', 78121),
(1555, 'La Villa', 'TX', 78562),
(1556, 'La Ward', 'TX', 77970),
(1557, 'Ladonia', 'TX', 75449),
(1558, 'Laguna Park', 'TX', 76644),
(1559, 'Laird Hill', 'TX', 75666),
(1560, 'Lake Creek', 'TX', 75450),
(1561, 'Lake Dallas', 'TX', 75065),
(1562, 'Lake Jackson', 'TX', 77566),
(1563, 'Lakeview', 'TX', 79239),
(1564, 'Lamesa', 'TX', 79331),
(1565, 'Lampasas', 'TX', 76550),
(1566, 'Lancaster', 'TX', 75134),
(1567, 'Lancaster', 'TX', 75146),
(1568, 'Lane City', 'TX', 77453),
(1569, 'Laneville', 'TX', 75667),
(1570, 'Langtry', 'TX', 78871),
(1571, 'Laredo', 'TX', 78040),
(1572, 'Laredo', 'TX', 78041),
(1573, 'Laredo', 'TX', 78042),
(1574, 'Laredo', 'TX', 78043),
(1575, 'Laredo', 'TX', 78044),
(1576, 'Laredo', 'TX', 78045),
(1577, 'Laredo', 'TX', 78046),
(1578, 'Laredo', 'TX', 78049),
(1579, 'Larue', 'TX', 75770),
(1580, 'Lasara', 'TX', 78561),
(1581, 'Latexo', 'TX', 75849),
(1582, 'Laughlin A F B', 'TX', 78843),
(1583, 'Lavon', 'TX', 75166),
(1584, 'Lawn', 'TX', 79530),
(1585, 'Lazbuddie', 'TX', 79053),
(1586, 'League City', 'TX', 77573),
(1587, 'League City', 'TX', 77574),
(1588, 'Leakey', 'TX', 78873),
(1589, 'Leander', 'TX', 78641),
(1590, 'Leander', 'TX', 78645),
(1591, 'Leander', 'TX', 78646),
(1592, 'Ledbetter', 'TX', 78946),
(1593, 'Leesburg', 'TX', 75451),
(1594, 'Leesville', 'TX', 78122),
(1595, 'Lefors', 'TX', 79054),
(1596, 'Leggett', 'TX', 77350),
(1597, 'Lelia Lake', 'TX', 79240),
(1598, 'Leming', 'TX', 78050),
(1599, 'Lenorah', 'TX', 79749),
(1600, 'Leona', 'TX', 75850),
(1601, 'Leonard', 'TX', 75452),
(1602, 'Leroy', 'TX', 76654),
(1603, 'Levelland', 'TX', 79336),
(1604, 'Levelland', 'TX', 79338),
(1605, 'Lewisville', 'TX', 75029),
(1606, 'Lewisville', 'TX', 75057),
(1607, 'Lewisville', 'TX', 75067),
(1608, 'Lewisville', 'TX', 75077),
(1609, 'Lexington', 'TX', 78947),
(1610, 'Liberty', 'TX', 77575),
(1611, 'Liberty Hill', 'TX', 78642),
(1612, 'Lillian', 'TX', 76061),
(1613, 'Lincoln', 'TX', 78948),
(1614, 'Lindale', 'TX', 75771),
(1615, 'Linden', 'TX', 75563),
(1616, 'Lindsay', 'TX', 76250),
(1617, 'Lingleville', 'TX', 76461),
(1618, 'Linn', 'TX', 78563),
(1619, 'Lipan', 'TX', 76462),
(1620, 'Lipscomb', 'TX', 79056),
(1621, 'Lissie', 'TX', 77454),
(1622, 'Little Elm', 'TX', 75068),
(1623, 'Little River Academy', 'TX', 76554),
(1624, 'Littlefield', 'TX', 79339),
(1625, 'Liverpool', 'TX', 77577),
(1626, 'Livingston', 'TX', 77351),
(1627, 'Livingston', 'TX', 77399),
(1628, 'Llano', 'TX', 78643),
(1629, 'Lockhart', 'TX', 78644),
(1630, 'Lockney', 'TX', 79241),
(1631, 'Lodi', 'TX', 75564),
(1632, 'Lohn', 'TX', 76852),
(1633, 'Lolita', 'TX', 77971),
(1634, 'Lometa', 'TX', 76853),
(1635, 'London', 'TX', 76854),
(1636, 'Lone Oak', 'TX', 75453),
(1637, 'Lone Star', 'TX', 75668),
(1638, 'Long Branch', 'TX', 75669),
(1639, 'Longview', 'TX', 75601),
(1640, 'Longview', 'TX', 75602),
(1641, 'Longview', 'TX', 75603),
(1642, 'Longview', 'TX', 75604),
(1643, 'Longview', 'TX', 75605),
(1644, 'Longview', 'TX', 75606),
(1645, 'Longview', 'TX', 75607),
(1646, 'Longview', 'TX', 75608),
(1647, 'Longview', 'TX', 75615),
(1648, 'Loop', 'TX', 79342),
(1649, 'Lopeno', 'TX', 78564),
(1650, 'Loraine', 'TX', 79532),
(1651, 'Lorena', 'TX', 76655),
(1652, 'Lorenzo', 'TX', 79343),
(1653, 'Los Ebanos', 'TX', 78565),
(1654, 'Los Fresnos', 'TX', 78566),
(1655, 'Los Indios', 'TX', 78567),
(1656, 'Lott', 'TX', 76656),
(1657, 'Louise', 'TX', 77455),
(1658, 'Lovelady', 'TX', 75851),
(1659, 'Loving', 'TX', 76460),
(1660, 'Lowake', 'TX', 76855),
(1661, 'Lozano', 'TX', 78568),
(1662, 'Lubbock', 'TX', 79401),
(1663, 'Lubbock', 'TX', 79402),
(1664, 'Lubbock', 'TX', 79403),
(1665, 'Lubbock', 'TX', 79404),
(1666, 'Lubbock', 'TX', 79405),
(1667, 'Lubbock', 'TX', 79406),
(1668, 'Lubbock', 'TX', 79407),
(1669, 'Lubbock', 'TX', 79408),
(1670, 'Lubbock', 'TX', 79409);
INSERT INTO `address` (`addressId`, `city`, `state`, `zipcode`) VALUES
(1671, 'Lubbock', 'TX', 79410),
(1672, 'Lubbock', 'TX', 79411),
(1673, 'Lubbock', 'TX', 79412),
(1674, 'Lubbock', 'TX', 79413),
(1675, 'Lubbock', 'TX', 79414),
(1676, 'Lubbock', 'TX', 79415),
(1677, 'Lubbock', 'TX', 79416),
(1678, 'Lubbock', 'TX', 79423),
(1679, 'Lubbock', 'TX', 79424),
(1680, 'Lubbock', 'TX', 79430),
(1681, 'Lubbock', 'TX', 79452),
(1682, 'Lubbock', 'TX', 79453),
(1683, 'Lubbock', 'TX', 79457),
(1684, 'Lubbock', 'TX', 79464),
(1685, 'Lubbock', 'TX', 79490),
(1686, 'Lubbock', 'TX', 79491),
(1687, 'Lubbock', 'TX', 79493),
(1688, 'Lubbock', 'TX', 79499),
(1689, 'Lueders', 'TX', 79533),
(1690, 'Lufkin', 'TX', 75901),
(1691, 'Lufkin', 'TX', 75902),
(1692, 'Lufkin', 'TX', 75903),
(1693, 'Lufkin', 'TX', 75904),
(1694, 'Lufkin', 'TX', 75915),
(1695, 'Luling', 'TX', 78648),
(1696, 'Lumberton', 'TX', 77657),
(1697, 'Lyford', 'TX', 78569),
(1698, 'Lyons', 'TX', 77863),
(1699, 'Lytle', 'TX', 78052),
(1700, 'Mabank', 'TX', 75147),
(1701, 'Mabank', 'TX', 75156),
(1702, 'Macdona', 'TX', 78054),
(1703, 'Madisonville', 'TX', 77864),
(1704, 'Magnolia', 'TX', 77353),
(1705, 'Magnolia', 'TX', 77354),
(1706, 'Magnolia', 'TX', 77355),
(1707, 'Malakoff', 'TX', 75148),
(1708, 'Malone', 'TX', 76660),
(1709, 'Manchaca', 'TX', 78652),
(1710, 'Manor', 'TX', 78653),
(1711, 'Mansfield', 'TX', 76063),
(1712, 'Manvel', 'TX', 77578),
(1713, 'Maple', 'TX', 79344),
(1714, 'Marathon', 'TX', 79842),
(1715, 'Marble Falls', 'TX', 78654),
(1716, 'Marfa', 'TX', 79843),
(1717, 'Marietta', 'TX', 75566),
(1718, 'Marion', 'TX', 78124),
(1719, 'Markham', 'TX', 77456),
(1720, 'Marlin', 'TX', 76661),
(1721, 'Marquez', 'TX', 77865),
(1722, 'Marshall', 'TX', 75670),
(1723, 'Marshall', 'TX', 75671),
(1724, 'Marshall', 'TX', 75672),
(1725, 'Mart', 'TX', 76664),
(1726, 'Martindale', 'TX', 78655),
(1727, 'Martinsville', 'TX', 75958),
(1728, 'Maryneal', 'TX', 79535),
(1729, 'Mason', 'TX', 76856),
(1730, 'Masterson', 'TX', 79058),
(1731, 'Matador', 'TX', 79244),
(1732, 'Matagorda', 'TX', 77457),
(1733, 'Mathis', 'TX', 78368),
(1734, 'Maud', 'TX', 75567),
(1735, 'Mauriceville', 'TX', 77626),
(1736, 'Maxwell', 'TX', 78656),
(1737, 'May', 'TX', 76857),
(1738, 'Maydelle', 'TX', 75772),
(1739, 'Maypearl', 'TX', 76064),
(1740, 'Mc Camey', 'TX', 79752),
(1741, 'Mc Caulley', 'TX', 79534),
(1742, 'Mc Dade', 'TX', 78650),
(1743, 'Mc Gregor', 'TX', 76657),
(1744, 'Mc Leod', 'TX', 75565),
(1745, 'Mc Neil', 'TX', 78651),
(1746, 'Mc Queeney', 'TX', 78123),
(1747, 'Mcadoo', 'TX', 79243),
(1748, 'Mcallen', 'TX', 78501),
(1749, 'Mcallen', 'TX', 78502),
(1750, 'Mcallen', 'TX', 78503),
(1751, 'Mcallen', 'TX', 78504),
(1752, 'Mcallen', 'TX', 78505),
(1753, 'Mcfaddin', 'TX', 77973),
(1754, 'Mckinney', 'TX', 75069),
(1755, 'Mckinney', 'TX', 75070),
(1756, 'Mckinney', 'TX', 75071),
(1757, 'Mclean', 'TX', 79057),
(1758, 'Meadow', 'TX', 79345),
(1759, 'Medina', 'TX', 78055),
(1760, 'Megargel', 'TX', 76370),
(1761, 'Melissa', 'TX', 75454),
(1762, 'Melvin', 'TX', 76858),
(1763, 'Memphis', 'TX', 79245),
(1764, 'Menard', 'TX', 76859),
(1765, 'Mentone', 'TX', 79754),
(1766, 'Mercedes', 'TX', 78570),
(1767, 'Mereta', 'TX', 76940),
(1768, 'Meridian', 'TX', 76665),
(1769, 'Merit', 'TX', 75458),
(1770, 'Merkel', 'TX', 79536),
(1771, 'Mertens', 'TX', 76666),
(1772, 'Mertzon', 'TX', 76941),
(1773, 'Mesquite', 'TX', 75149),
(1774, 'Mesquite', 'TX', 75150),
(1775, 'Mesquite', 'TX', 75180),
(1776, 'Mesquite', 'TX', 75181),
(1777, 'Mesquite', 'TX', 75185),
(1778, 'Mesquite', 'TX', 75187),
(1779, 'Mexia', 'TX', 76667),
(1780, 'Meyersville', 'TX', 77974),
(1781, 'Miami', 'TX', 79059),
(1782, 'Mico', 'TX', 78056),
(1783, 'Midfield', 'TX', 77458),
(1784, 'Midkiff', 'TX', 79755),
(1785, 'Midland', 'TX', 79701),
(1786, 'Midland', 'TX', 79702),
(1787, 'Midland', 'TX', 79703),
(1788, 'Midland', 'TX', 79704),
(1789, 'Midland', 'TX', 79705),
(1790, 'Midland', 'TX', 79706),
(1791, 'Midland', 'TX', 79707),
(1792, 'Midland', 'TX', 79708),
(1793, 'Midland', 'TX', 79710),
(1794, 'Midland', 'TX', 79711),
(1795, 'Midland', 'TX', 79712),
(1796, 'Midlothian', 'TX', 76065),
(1797, 'Midway', 'TX', 75852),
(1798, 'Milam', 'TX', 75959),
(1799, 'Milano', 'TX', 76556),
(1800, 'Miles', 'TX', 76861),
(1801, 'Milford', 'TX', 76670),
(1802, 'Millersview', 'TX', 76862),
(1803, 'Millican', 'TX', 77866),
(1804, 'Millsap', 'TX', 76066),
(1805, 'Minden', 'TX', 75680),
(1806, 'Mineola', 'TX', 75773),
(1807, 'Mineral', 'TX', 78125),
(1808, 'Mineral Wells', 'TX', 76067),
(1809, 'Mineral Wells', 'TX', 76068),
(1810, 'Mingus', 'TX', 76463),
(1811, 'Mirando City', 'TX', 78369),
(1812, 'Mission', 'TX', 78572),
(1813, 'Mission', 'TX', 78573),
(1814, 'Mission', 'TX', 78574),
(1815, 'Missouri City', 'TX', 77459),
(1816, 'Missouri City', 'TX', 77489),
(1817, 'Mobeetie', 'TX', 79061),
(1818, 'Monahans', 'TX', 79756),
(1819, 'Mont Belvieu', 'TX', 77580),
(1820, 'Montague', 'TX', 76251),
(1821, 'Montalba', 'TX', 75853),
(1822, 'Montgomery', 'TX', 77316),
(1823, 'Montgomery', 'TX', 77356),
(1824, 'Moody', 'TX', 76557),
(1825, 'Moore', 'TX', 78057),
(1826, 'Moran', 'TX', 76464),
(1827, 'Morgan', 'TX', 76671),
(1828, 'Morgan Mill', 'TX', 76465),
(1829, 'Morse', 'TX', 79062),
(1830, 'Morton', 'TX', 79346),
(1831, 'Moscow', 'TX', 75960),
(1832, 'Moulton', 'TX', 77975),
(1833, 'Mound', 'TX', 76558),
(1834, 'Mount Calm', 'TX', 76673),
(1835, 'Mount Enterprise', 'TX', 75681),
(1836, 'Mount Pleasant', 'TX', 75455),
(1837, 'Mount Pleasant', 'TX', 75456),
(1838, 'Mount Vernon', 'TX', 75457),
(1839, 'Mountain Home', 'TX', 78058),
(1840, 'Muenster', 'TX', 76252),
(1841, 'Muldoon', 'TX', 78949),
(1842, 'Muleshoe', 'TX', 79347),
(1843, 'Mullin', 'TX', 76864),
(1844, 'Mumford', 'TX', 77867),
(1845, 'Munday', 'TX', 76371),
(1846, 'Murchison', 'TX', 75778),
(1847, 'Myra', 'TX', 76253),
(1848, 'Nacogdoches', 'TX', 75961),
(1849, 'Nacogdoches', 'TX', 75962),
(1850, 'Nacogdoches', 'TX', 75963),
(1851, 'Nacogdoches', 'TX', 75964),
(1852, 'Nacogdoches', 'TX', 75965),
(1853, 'Nada', 'TX', 77460),
(1854, 'Naples', 'TX', 75568),
(1855, 'Nash', 'TX', 75569),
(1856, 'Natalia', 'TX', 78059),
(1857, 'Naval Air Station/ Jrb', 'TX', 76127),
(1858, 'Navasota', 'TX', 77868),
(1859, 'Navasota', 'TX', 77869),
(1860, 'Nazareth', 'TX', 79063),
(1861, 'Neches', 'TX', 75779),
(1862, 'Nederland', 'TX', 77627),
(1863, 'Needville', 'TX', 77461),
(1864, 'Nemo', 'TX', 76070),
(1865, 'Nevada', 'TX', 75173),
(1866, 'New Baden', 'TX', 77870),
(1867, 'New Boston', 'TX', 75570),
(1868, 'New Braunfels', 'TX', 78130),
(1869, 'New Braunfels', 'TX', 78131),
(1870, 'New Braunfels', 'TX', 78132),
(1871, 'New Braunfels', 'TX', 78135),
(1872, 'New Caney', 'TX', 77357),
(1873, 'New Deal', 'TX', 79350),
(1874, 'New Home', 'TX', 79383),
(1875, 'New London', 'TX', 75682),
(1876, 'New Summerfield', 'TX', 75780),
(1877, 'New Ulm', 'TX', 78950),
(1878, 'New Waverly', 'TX', 77358),
(1879, 'Newark', 'TX', 76071),
(1880, 'Newcastle', 'TX', 76372),
(1881, 'Newton', 'TX', 75966),
(1882, 'Nixon', 'TX', 78140),
(1883, 'Nocona', 'TX', 76255),
(1884, 'Nolan', 'TX', 79537),
(1885, 'Nolanville', 'TX', 76559),
(1886, 'Nome', 'TX', 77629),
(1887, 'Nordheim', 'TX', 78141),
(1888, 'Normangee', 'TX', 77871),
(1889, 'Normanna', 'TX', 78142),
(1890, 'North Houston', 'TX', 77315),
(1891, 'North Richland Hills', 'TX', 76180),
(1892, 'North Richland Hills', 'TX', 76182),
(1893, 'North Zulch', 'TX', 77872),
(1894, 'Norton', 'TX', 76865),
(1895, 'Notrees', 'TX', 79759),
(1896, 'Novice', 'TX', 79538),
(1897, 'Nursery', 'TX', 77976),
(1898, 'O Brien', 'TX', 79539),
(1899, 'Oakhurst', 'TX', 77359),
(1900, 'Oakland', 'TX', 78951),
(1901, 'Oakville', 'TX', 78060),
(1902, 'Oakwood', 'TX', 75855),
(1903, 'Odell', 'TX', 79247),
(1904, 'Odem', 'TX', 78370),
(1905, 'Odessa', 'TX', 79760),
(1906, 'Odessa', 'TX', 79761),
(1907, 'Odessa', 'TX', 79762),
(1908, 'Odessa', 'TX', 79763),
(1909, 'Odessa', 'TX', 79764),
(1910, 'Odessa', 'TX', 79765),
(1911, 'Odessa', 'TX', 79766),
(1912, 'Odessa', 'TX', 79768),
(1913, 'Odessa', 'TX', 79769),
(1914, 'Odonnell', 'TX', 79351),
(1915, 'Oglesby', 'TX', 76561),
(1916, 'Oilton', 'TX', 78371),
(1917, 'Oklaunion', 'TX', 76373),
(1918, 'Old Glory', 'TX', 79540),
(1919, 'Old Ocean', 'TX', 77463),
(1920, 'Olden', 'TX', 76466),
(1921, 'Olmito', 'TX', 78575),
(1922, 'Olney', 'TX', 76374),
(1923, 'Olton', 'TX', 79064),
(1924, 'Omaha', 'TX', 75571),
(1925, 'Onalaska', 'TX', 77360),
(1926, 'Orange', 'TX', 77630),
(1927, 'Orange', 'TX', 77631),
(1928, 'Orange', 'TX', 77632),
(1929, 'Orange Grove', 'TX', 78372),
(1930, 'Orangefield', 'TX', 77639),
(1931, 'Orchard', 'TX', 77464),
(1932, 'Ore City', 'TX', 75683),
(1933, 'Orla', 'TX', 79770),
(1934, 'Ottine', 'TX', 78658),
(1935, 'Ovalo', 'TX', 79541),
(1936, 'Overton', 'TX', 75684),
(1937, 'Ozona', 'TX', 76943),
(1938, 'Paducah', 'TX', 79248),
(1939, 'Paige', 'TX', 78659),
(1940, 'Paint Rock', 'TX', 76866),
(1941, 'Palacios', 'TX', 77465),
(1942, 'Palestine', 'TX', 75801),
(1943, 'Palestine', 'TX', 75802),
(1944, 'Palestine', 'TX', 75803),
(1945, 'Palestine', 'TX', 75882),
(1946, 'Palmer', 'TX', 75152),
(1947, 'Palo Pinto', 'TX', 76484),
(1948, 'Paluxy', 'TX', 76467),
(1949, 'Pampa', 'TX', 79065),
(1950, 'Pampa', 'TX', 79066),
(1951, 'Pandora', 'TX', 78143),
(1952, 'Panhandle', 'TX', 79068),
(1953, 'Panna Maria', 'TX', 78144),
(1954, 'Panola', 'TX', 75685),
(1955, 'Paradise', 'TX', 76073),
(1956, 'Paris', 'TX', 75460),
(1957, 'Paris', 'TX', 75461),
(1958, 'Paris', 'TX', 75462),
(1959, 'Pasadena', 'TX', 77501),
(1960, 'Pasadena', 'TX', 77502),
(1961, 'Pasadena', 'TX', 77503),
(1962, 'Pasadena', 'TX', 77504),
(1963, 'Pasadena', 'TX', 77505),
(1964, 'Pasadena', 'TX', 77506),
(1965, 'Pasadena', 'TX', 77507),
(1966, 'Pasadena', 'TX', 77508),
(1967, 'Pattison', 'TX', 77466),
(1968, 'Pattonville', 'TX', 75468),
(1969, 'Pawnee', 'TX', 78145),
(1970, 'Pearland', 'TX', 77581),
(1971, 'Pearland', 'TX', 77584),
(1972, 'Pearland', 'TX', 77588),
(1973, 'Pearsall', 'TX', 78061),
(1974, 'Peaster', 'TX', 76485),
(1975, 'Pecan Gap', 'TX', 75469),
(1976, 'Pecos', 'TX', 79772),
(1977, 'Peggy', 'TX', 78062),
(1978, 'Pendleton', 'TX', 76564),
(1979, 'Penelope', 'TX', 76676),
(1980, 'Penitas', 'TX', 78576),
(1981, 'Pennington', 'TX', 75856),
(1982, 'Penwell', 'TX', 79776),
(1983, 'Pep', 'TX', 79353),
(1984, 'Perrin', 'TX', 76486),
(1985, 'Perryton', 'TX', 79070),
(1986, 'Petersburg', 'TX', 79250),
(1987, 'Petrolia', 'TX', 76377),
(1988, 'Pettus', 'TX', 78146),
(1989, 'Petty', 'TX', 75470),
(1990, 'Pflugerville', 'TX', 78660),
(1991, 'Pflugerville', 'TX', 78691),
(1992, 'Pharr', 'TX', 78577),
(1993, 'Pickton', 'TX', 75471),
(1994, 'Pierce', 'TX', 77467),
(1995, 'Pilot Point', 'TX', 76258),
(1996, 'Pinehurst', 'TX', 77362),
(1997, 'Pineland', 'TX', 75968),
(1998, 'Pipe Creek', 'TX', 78063),
(1999, 'Pittsburg', 'TX', 75686),
(2000, 'Placedo', 'TX', 77977),
(2001, 'Plains', 'TX', 79355),
(2002, 'Plainview', 'TX', 79072),
(2003, 'Plainview', 'TX', 79073),
(2004, 'Plano', 'TX', 75023),
(2005, 'Plano', 'TX', 75024),
(2006, 'Plano', 'TX', 75025),
(2007, 'Plano', 'TX', 75026),
(2008, 'Plano', 'TX', 75074),
(2009, 'Plano', 'TX', 75075),
(2010, 'Plano', 'TX', 75086),
(2011, 'Plano', 'TX', 75093),
(2012, 'Plano', 'TX', 75094),
(2013, 'Plantersville', 'TX', 77363),
(2014, 'Pleasanton', 'TX', 78064),
(2015, 'Pledger', 'TX', 77468),
(2016, 'Plum', 'TX', 78952),
(2017, 'Point', 'TX', 75472),
(2018, 'Point Comfort', 'TX', 77978),
(2019, 'Pointblank', 'TX', 77364),
(2020, 'Pollok', 'TX', 75969),
(2021, 'Ponder', 'TX', 76259),
(2022, 'Pontotoc', 'TX', 76869),
(2023, 'Poolville', 'TX', 76487),
(2024, 'Port Aransas', 'TX', 78373),
(2025, 'Port Arthur', 'TX', 77640),
(2026, 'Port Arthur', 'TX', 77641),
(2027, 'Port Arthur', 'TX', 77642),
(2028, 'Port Arthur', 'TX', 77643),
(2029, 'Port Bolivar', 'TX', 77650),
(2030, 'Port Isabel', 'TX', 78578),
(2031, 'Port Lavaca', 'TX', 77979),
(2032, 'Port Mansfield', 'TX', 78598),
(2033, 'Port Neches', 'TX', 77651),
(2034, 'Port O Connor', 'TX', 77982),
(2035, 'Porter', 'TX', 77365),
(2036, 'Portland', 'TX', 78374),
(2037, 'Post', 'TX', 79356),
(2038, 'Poteet', 'TX', 78065),
(2039, 'Poth', 'TX', 78147),
(2040, 'Pottsboro', 'TX', 75076),
(2041, 'Pottsville', 'TX', 76565),
(2042, 'Powderly', 'TX', 75473),
(2043, 'Powell', 'TX', 75153),
(2044, 'Poynor', 'TX', 75782),
(2045, 'Prairie Hill', 'TX', 76678),
(2046, 'Prairie Lea', 'TX', 78661),
(2047, 'Prairie View', 'TX', 77446),
(2048, 'Premont', 'TX', 78375),
(2049, 'Presidio', 'TX', 79845),
(2050, 'Price', 'TX', 75687),
(2051, 'Priddy', 'TX', 76870),
(2052, 'Princeton', 'TX', 75407),
(2053, 'Proctor', 'TX', 76468),
(2054, 'Progreso', 'TX', 78579),
(2055, 'Prosper', 'TX', 75078),
(2056, 'Purdon', 'TX', 76679),
(2057, 'Purmela', 'TX', 76566),
(2058, 'Putnam', 'TX', 76469),
(2059, 'Pyote', 'TX', 79777),
(2060, 'Quail', 'TX', 79251),
(2061, 'Quanah', 'TX', 79252),
(2062, 'Queen City', 'TX', 75572),
(2063, 'Quemado', 'TX', 78877),
(2064, 'Quinlan', 'TX', 75474),
(2065, 'Quitaque', 'TX', 79255),
(2066, 'Quitman', 'TX', 75783),
(2067, 'Rainbow', 'TX', 76077),
(2068, 'Ralls', 'TX', 79357),
(2069, 'Randolph', 'TX', 75475),
(2070, 'Ranger', 'TX', 76470),
(2071, 'Rankin', 'TX', 79778),
(2072, 'Ransom Canyon', 'TX', 79366),
(2073, 'Ratcliff', 'TX', 75858),
(2074, 'Ravenna', 'TX', 75476),
(2075, 'Raymondville', 'TX', 78580),
(2076, 'Raywood', 'TX', 77582),
(2077, 'Reagan', 'TX', 76680),
(2078, 'Realitos', 'TX', 78376),
(2079, 'Red Oak', 'TX', 75154),
(2080, 'Red Rock', 'TX', 78662),
(2081, 'Redford', 'TX', 79846),
(2082, 'Redwater', 'TX', 75573),
(2083, 'Refugio', 'TX', 78377),
(2084, 'Reklaw', 'TX', 75784),
(2085, 'Rhome', 'TX', 76078),
(2086, 'Rice', 'TX', 75155),
(2087, 'Richards', 'TX', 77873),
(2088, 'Richardson', 'TX', 75080),
(2089, 'Richardson', 'TX', 75081),
(2090, 'Richardson', 'TX', 75082),
(2091, 'Richardson', 'TX', 75083),
(2092, 'Richardson', 'TX', 75085),
(2093, 'Richland', 'TX', 76681),
(2094, 'Richland Springs', 'TX', 76871),
(2095, 'Richmond', 'TX', 77406),
(2096, 'Richmond', 'TX', 77469),
(2097, 'Riesel', 'TX', 76682),
(2098, 'Ringgold', 'TX', 76261),
(2099, 'Rio Frio', 'TX', 78879),
(2100, 'Rio Grande City', 'TX', 78582),
(2101, 'Rio Hondo', 'TX', 78583),
(2102, 'Rio Medina', 'TX', 78066),
(2103, 'Rio Vista', 'TX', 76093),
(2104, 'Rising Star', 'TX', 76471),
(2105, 'Riverside', 'TX', 77367),
(2106, 'Riviera', 'TX', 78379),
(2107, 'Roanoke', 'TX', 76262),
(2108, 'Roanoke', 'TX', 76299),
(2109, 'Roans Prairie', 'TX', 77875),
(2110, 'Roaring Springs', 'TX', 79256),
(2111, 'Robert Lee', 'TX', 76945),
(2112, 'Robstown', 'TX', 78380),
(2113, 'Roby', 'TX', 79543),
(2114, 'Rochelle', 'TX', 76872),
(2115, 'Rochester', 'TX', 79544),
(2116, 'Rock Island', 'TX', 77470),
(2117, 'Rockdale', 'TX', 76567),
(2118, 'Rockport', 'TX', 78381),
(2119, 'Rockport', 'TX', 78382),
(2120, 'Rocksprings', 'TX', 78880),
(2121, 'Rockwall', 'TX', 75032),
(2122, 'Rockwall', 'TX', 75087),
(2123, 'Rockwood', 'TX', 76873),
(2124, 'Rogers', 'TX', 76569),
(2125, 'Roma', 'TX', 78584),
(2126, 'Romayor', 'TX', 77368),
(2127, 'Roosevelt', 'TX', 76874),
(2128, 'Ropesville', 'TX', 79358),
(2129, 'Rosanky', 'TX', 78953),
(2130, 'Roscoe', 'TX', 79545),
(2131, 'Rosebud', 'TX', 76570),
(2132, 'Rosenberg', 'TX', 77471),
(2133, 'Rosharon', 'TX', 77583),
(2134, 'Ross', 'TX', 76684),
(2135, 'Rosser', 'TX', 75157),
(2136, 'Rosston', 'TX', 76263),
(2137, 'Rotan', 'TX', 79546),
(2138, 'Round Mountain', 'TX', 78663),
(2139, 'Round Rock', 'TX', 78664),
(2140, 'Round Rock', 'TX', 78680),
(2141, 'Round Rock', 'TX', 78681),
(2142, 'Round Rock', 'TX', 78682),
(2143, 'Round Rock', 'TX', 78683),
(2144, 'Round Top', 'TX', 78954),
(2145, 'Rowena', 'TX', 76875),
(2146, 'Rowlett', 'TX', 75030),
(2147, 'Rowlett', 'TX', 75088),
(2148, 'Rowlett', 'TX', 75089),
(2149, 'Roxton', 'TX', 75477),
(2150, 'Royse City', 'TX', 75189),
(2151, 'Rule', 'TX', 79547),
(2152, 'Rule', 'TX', 79548),
(2153, 'Runge', 'TX', 78151),
(2154, 'Rusk', 'TX', 75785),
(2155, 'Rye', 'TX', 77369),
(2156, 'Sabinal', 'TX', 78881),
(2157, 'Sabine Pass', 'TX', 77655),
(2158, 'Sachse', 'TX', 75048),
(2159, 'Sacul', 'TX', 75788),
(2160, 'Sadler', 'TX', 76264),
(2161, 'Saint Hedwig', 'TX', 78152),
(2162, 'Saint Jo', 'TX', 76265),
(2163, 'Salado', 'TX', 76571),
(2164, 'Salineno', 'TX', 78585),
(2165, 'Salt Flat', 'TX', 79847),
(2166, 'Saltillo', 'TX', 75478),
(2167, 'Sam Norwood', 'TX', 79077),
(2168, 'San Angelo', 'TX', 76901),
(2169, 'San Angelo', 'TX', 76902),
(2170, 'San Angelo', 'TX', 76903),
(2171, 'San Angelo', 'TX', 76904),
(2172, 'San Angelo', 'TX', 76905),
(2173, 'San Angelo', 'TX', 76906),
(2174, 'San Angelo', 'TX', 76909),
(2175, 'San Antonio', 'TX', 78201),
(2176, 'San Antonio', 'TX', 78202),
(2177, 'San Antonio', 'TX', 78203),
(2178, 'San Antonio', 'TX', 78204),
(2179, 'San Antonio', 'TX', 78205),
(2180, 'San Antonio', 'TX', 78206),
(2181, 'San Antonio', 'TX', 78207),
(2182, 'San Antonio', 'TX', 78208),
(2183, 'San Antonio', 'TX', 78209),
(2184, 'San Antonio', 'TX', 78210),
(2185, 'San Antonio', 'TX', 78211),
(2186, 'San Antonio', 'TX', 78212),
(2187, 'San Antonio', 'TX', 78213),
(2188, 'San Antonio', 'TX', 78214),
(2189, 'San Antonio', 'TX', 78215),
(2190, 'San Antonio', 'TX', 78216),
(2191, 'San Antonio', 'TX', 78217),
(2192, 'San Antonio', 'TX', 78218),
(2193, 'San Antonio', 'TX', 78219),
(2194, 'San Antonio', 'TX', 78220),
(2195, 'San Antonio', 'TX', 78221),
(2196, 'San Antonio', 'TX', 78222),
(2197, 'San Antonio', 'TX', 78223),
(2198, 'San Antonio', 'TX', 78224),
(2199, 'San Antonio', 'TX', 78225),
(2200, 'San Antonio', 'TX', 78226),
(2201, 'San Antonio', 'TX', 78227),
(2202, 'San Antonio', 'TX', 78228),
(2203, 'San Antonio', 'TX', 78229),
(2204, 'San Antonio', 'TX', 78230),
(2205, 'San Antonio', 'TX', 78231),
(2206, 'San Antonio', 'TX', 78232),
(2207, 'San Antonio', 'TX', 78233),
(2208, 'San Antonio', 'TX', 78234),
(2209, 'San Antonio', 'TX', 78235),
(2210, 'San Antonio', 'TX', 78236),
(2211, 'San Antonio', 'TX', 78237),
(2212, 'San Antonio', 'TX', 78238),
(2213, 'San Antonio', 'TX', 78239),
(2214, 'San Antonio', 'TX', 78240),
(2215, 'San Antonio', 'TX', 78241),
(2216, 'San Antonio', 'TX', 78242),
(2217, 'San Antonio', 'TX', 78243),
(2218, 'San Antonio', 'TX', 78244),
(2219, 'San Antonio', 'TX', 78245),
(2220, 'San Antonio', 'TX', 78246),
(2221, 'San Antonio', 'TX', 78247),
(2222, 'San Antonio', 'TX', 78248),
(2223, 'San Antonio', 'TX', 78249),
(2224, 'San Antonio', 'TX', 78250),
(2225, 'San Antonio', 'TX', 78251),
(2226, 'San Antonio', 'TX', 78252),
(2227, 'San Antonio', 'TX', 78253),
(2228, 'San Antonio', 'TX', 78254),
(2229, 'San Antonio', 'TX', 78255),
(2230, 'San Antonio', 'TX', 78256),
(2231, 'San Antonio', 'TX', 78257),
(2232, 'San Antonio', 'TX', 78258),
(2233, 'San Antonio', 'TX', 78259),
(2234, 'San Antonio', 'TX', 78260),
(2235, 'San Antonio', 'TX', 78261),
(2236, 'San Antonio', 'TX', 78262),
(2237, 'San Antonio', 'TX', 78263),
(2238, 'San Antonio', 'TX', 78264),
(2239, 'San Antonio', 'TX', 78265),
(2240, 'San Antonio', 'TX', 78266),
(2241, 'San Antonio', 'TX', 78268),
(2242, 'San Antonio', 'TX', 78269),
(2243, 'San Antonio', 'TX', 78270),
(2244, 'San Antonio', 'TX', 78275),
(2245, 'San Antonio', 'TX', 78278),
(2246, 'San Antonio', 'TX', 78279),
(2247, 'San Antonio', 'TX', 78280),
(2248, 'San Antonio', 'TX', 78283),
(2249, 'San Antonio', 'TX', 78284),
(2250, 'San Antonio', 'TX', 78285),
(2251, 'San Antonio', 'TX', 78286),
(2252, 'San Antonio', 'TX', 78287),
(2253, 'San Antonio', 'TX', 78288),
(2254, 'San Antonio', 'TX', 78289),
(2255, 'San Antonio', 'TX', 78291),
(2256, 'San Antonio', 'TX', 78292),
(2257, 'San Antonio', 'TX', 78293),
(2258, 'San Antonio', 'TX', 78294),
(2259, 'San Antonio', 'TX', 78295),
(2260, 'San Antonio', 'TX', 78296),
(2261, 'San Antonio', 'TX', 78297),
(2262, 'San Antonio', 'TX', 78298),
(2263, 'San Antonio', 'TX', 78299),
(2264, 'San Augustine', 'TX', 75972),
(2265, 'San Benito', 'TX', 78586),
(2266, 'San Diego', 'TX', 78384),
(2267, 'San Elizario', 'TX', 79849),
(2268, 'San Felipe', 'TX', 77473),
(2269, 'San Isidro', 'TX', 78588),
(2270, 'San Juan', 'TX', 78589),
(2271, 'San Marcos', 'TX', 78666),
(2272, 'San Marcos', 'TX', 78667),
(2273, 'San Perlita', 'TX', 78590),
(2274, 'San Saba', 'TX', 76877),
(2275, 'San Ygnacio', 'TX', 78067),
(2276, 'Sanderson', 'TX', 79848),
(2277, 'Sandia', 'TX', 78383),
(2278, 'Sanford', 'TX', 79078),
(2279, 'Sanger', 'TX', 76266),
(2280, 'Santa Anna', 'TX', 76878),
(2281, 'Santa Elena', 'TX', 78591),
(2282, 'Santa Fe', 'TX', 77510),
(2283, 'Santa Fe', 'TX', 77517),
(2284, 'Santa Maria', 'TX', 78592),
(2285, 'Santa Rosa', 'TX', 78593),
(2286, 'Santo', 'TX', 76472),
(2287, 'Saragosa', 'TX', 79780),
(2288, 'Saratoga', 'TX', 77585),
(2289, 'Sarita', 'TX', 78385),
(2290, 'Satin', 'TX', 76685),
(2291, 'Savoy', 'TX', 75479),
(2292, 'Schertz', 'TX', 78154),
(2293, 'Schulenburg', 'TX', 78956),
(2294, 'Schwertner', 'TX', 76573),
(2295, 'Scotland', 'TX', 76379),
(2296, 'Scottsville', 'TX', 75688),
(2297, 'Scroggins', 'TX', 75480),
(2298, 'Scurry', 'TX', 75158),
(2299, 'Seabrook', 'TX', 77586),
(2300, 'Seadrift', 'TX', 77983),
(2301, 'Seagoville', 'TX', 75159),
(2302, 'Seagraves', 'TX', 79359),
(2303, 'Sealy', 'TX', 77474),
(2304, 'Sebastian', 'TX', 78594),
(2305, 'Seguin', 'TX', 78155),
(2306, 'Seguin', 'TX', 78156),
(2307, 'Selman City', 'TX', 75689),
(2308, 'Seminole', 'TX', 79360),
(2309, 'Seymour', 'TX', 76380),
(2310, 'Shallowater', 'TX', 79363),
(2311, 'Shamrock', 'TX', 79079),
(2312, 'Sheffield', 'TX', 79781),
(2313, 'Shelbyville', 'TX', 75973),
(2314, 'Shepherd', 'TX', 77371),
(2315, 'Sheppard Afb', 'TX', 76311),
(2316, 'Sheridan', 'TX', 77475),
(2317, 'Sherman', 'TX', 75090),
(2318, 'Sherman', 'TX', 75091),
(2319, 'Sherman', 'TX', 75092),
(2320, 'Shiner', 'TX', 77984),
(2321, 'Shiro', 'TX', 77876),
(2322, 'Sidney', 'TX', 76474),
(2323, 'Sierra Blanca', 'TX', 79851),
(2324, 'Silsbee', 'TX', 77656),
(2325, 'Silver', 'TX', 76949),
(2326, 'Silverton', 'TX', 79257),
(2327, 'Simms', 'TX', 75574),
(2328, 'Simonton', 'TX', 77476),
(2329, 'Sinton', 'TX', 78387),
(2330, 'Skellytown', 'TX', 79080),
(2331, 'Skidmore', 'TX', 78389),
(2332, 'Slaton', 'TX', 79364),
(2333, 'Slidell', 'TX', 76267),
(2334, 'Smiley', 'TX', 78159),
(2335, 'Smithville', 'TX', 78957),
(2336, 'Smyer', 'TX', 79367),
(2337, 'Snook', 'TX', 77878),
(2338, 'Snyder', 'TX', 79549),
(2339, 'Snyder', 'TX', 79550),
(2340, 'Somerset', 'TX', 78069),
(2341, 'Somerville', 'TX', 77879),
(2342, 'Sonora', 'TX', 76950),
(2343, 'Sour Lake', 'TX', 77659),
(2344, 'South Bend', 'TX', 76481),
(2345, 'South Houston', 'TX', 77587),
(2346, 'South Padre Island', 'TX', 78597),
(2347, 'South Plains', 'TX', 79258),
(2348, 'Southlake', 'TX', 76092),
(2349, 'Southmayd', 'TX', 76268),
(2350, 'Spade', 'TX', 79369),
(2351, 'Spearman', 'TX', 79081),
(2352, 'Spicewood', 'TX', 78669),
(2353, 'Splendora', 'TX', 77372),
(2354, 'Spring', 'TX', 77373),
(2355, 'Spring', 'TX', 77379),
(2356, 'Spring', 'TX', 77380),
(2357, 'Spring', 'TX', 77381),
(2358, 'Spring', 'TX', 77382),
(2359, 'Spring', 'TX', 77383),
(2360, 'Spring', 'TX', 77386),
(2361, 'Spring', 'TX', 77387),
(2362, 'Spring', 'TX', 77388),
(2363, 'Spring', 'TX', 77389),
(2364, 'Spring', 'TX', 77391),
(2365, 'Spring', 'TX', 77393),
(2366, 'Spring Branch', 'TX', 78070),
(2367, 'Springlake', 'TX', 79082),
(2368, 'Springtown', 'TX', 76082),
(2369, 'Spur', 'TX', 79370),
(2370, 'Spurger', 'TX', 77660),
(2371, 'Stafford', 'TX', 77477),
(2372, 'Stafford', 'TX', 77497),
(2373, 'Stamford', 'TX', 79553),
(2374, 'Stanton', 'TX', 79782),
(2375, 'Staples', 'TX', 78670),
(2376, 'Star', 'TX', 76880),
(2377, 'Stephenville', 'TX', 76401),
(2378, 'Stephenville', 'TX', 76402),
(2379, 'Sterling City', 'TX', 76951),
(2380, 'Stinnett', 'TX', 79083),
(2381, 'Stockdale', 'TX', 78160),
(2382, 'Stonewall', 'TX', 78671),
(2383, 'Stowell', 'TX', 77661),
(2384, 'Stratford', 'TX', 79084),
(2385, 'Strawn', 'TX', 76475),
(2386, 'Streetman', 'TX', 75859),
(2387, 'Sublime', 'TX', 77986),
(2388, 'Sudan', 'TX', 79371),
(2389, 'Sugar Land', 'TX', 77478),
(2390, 'Sugar Land', 'TX', 77479),
(2391, 'Sugar Land', 'TX', 77487),
(2392, 'Sugar Land', 'TX', 77496),
(2393, 'Sullivan City', 'TX', 78595),
(2394, 'Sulphur Bluff', 'TX', 75481),
(2395, 'Sulphur Springs', 'TX', 75482),
(2396, 'Sulphur Springs', 'TX', 75483),
(2397, 'Summerfield', 'TX', 79085),
(2398, 'Sumner', 'TX', 75486),
(2399, 'Sundown', 'TX', 79372),
(2400, 'Sunnyvale', 'TX', 75182),
(2401, 'Sunray', 'TX', 79086),
(2402, 'Sunset', 'TX', 76270),
(2403, 'Sutherland Springs', 'TX', 78161),
(2404, 'Sweeny', 'TX', 77480),
(2405, 'Sweet Home', 'TX', 77987),
(2406, 'Sweetwater', 'TX', 79556),
(2407, 'Sylvester', 'TX', 79560),
(2408, 'Taft', 'TX', 78390),
(2409, 'Tahoka', 'TX', 79373),
(2410, 'Talco', 'TX', 75487),
(2411, 'Talpa', 'TX', 76882),
(2412, 'Tarpley', 'TX', 78883),
(2413, 'Tarzan', 'TX', 79783),
(2414, 'Tatum', 'TX', 75691),
(2415, 'Taylor', 'TX', 76574),
(2416, 'Teague', 'TX', 75860),
(2417, 'Tehuacana', 'TX', 76686),
(2418, 'Telegraph', 'TX', 76883),
(2419, 'Telephone', 'TX', 75488),
(2420, 'Telferner', 'TX', 77988),
(2421, 'Tell', 'TX', 79259),
(2422, 'Temple', 'TX', 76501),
(2423, 'Temple', 'TX', 76502),
(2424, 'Temple', 'TX', 76503),
(2425, 'Temple', 'TX', 76504),
(2426, 'Temple', 'TX', 76505),
(2427, 'Temple', 'TX', 76508),
(2428, 'Tenaha', 'TX', 75974),
(2429, 'Tennessee Colony', 'TX', 75861),
(2430, 'Tennessee Colony', 'TX', 75880),
(2431, 'Tennessee Colony', 'TX', 75884),
(2432, 'Tennessee Colony', 'TX', 75886),
(2433, 'Tennyson', 'TX', 76953),
(2434, 'Terlingua', 'TX', 79852),
(2435, 'Terrell', 'TX', 75160),
(2436, 'Terrell', 'TX', 75161),
(2437, 'Texarkana', 'TX', 75501),
(2438, 'Texarkana', 'TX', 75503),
(2439, 'Texarkana', 'TX', 75504),
(2440, 'Texarkana', 'TX', 75505),
(2441, 'Texarkana', 'TX', 75507),
(2442, 'Texarkana', 'TX', 75599),
(2443, 'Texas City', 'TX', 77590),
(2444, 'Texas City', 'TX', 77591),
(2445, 'Texas City', 'TX', 77592),
(2446, 'Texline', 'TX', 79087),
(2447, 'The Colony', 'TX', 75056),
(2448, 'Thicket', 'TX', 77374),
(2449, 'Thomaston', 'TX', 77989),
(2450, 'Thompsons', 'TX', 77481),
(2451, 'Thorndale', 'TX', 76577),
(2452, 'Thornton', 'TX', 76687),
(2453, 'Thrall', 'TX', 76578),
(2454, 'Three Rivers', 'TX', 78071),
(2455, 'Throckmorton', 'TX', 76483),
(2456, 'Tilden', 'TX', 78072),
(2457, 'Timpson', 'TX', 75975),
(2458, 'Tioga', 'TX', 76271),
(2459, 'Tivoli', 'TX', 77990),
(2460, 'Tokio', 'TX', 79376),
(2461, 'Tolar', 'TX', 76476),
(2462, 'Tom Bean', 'TX', 75489),
(2463, 'Tomball', 'TX', 77375),
(2464, 'Tomball', 'TX', 77377),
(2465, 'Tornillo', 'TX', 79853),
(2466, 'Tow', 'TX', 78672),
(2467, 'Toyah', 'TX', 79785),
(2468, 'Toyahvale', 'TX', 79786),
(2469, 'Trent', 'TX', 79561),
(2470, 'Trenton', 'TX', 75490),
(2471, 'Trinidad', 'TX', 75163),
(2472, 'Trinity', 'TX', 75862),
(2473, 'Troup', 'TX', 75789),
(2474, 'Troy', 'TX', 76579),
(2475, 'Tuleta', 'TX', 78162),
(2476, 'Tulia', 'TX', 79088),
(2477, 'Turkey', 'TX', 79261),
(2478, 'Tuscola', 'TX', 79562),
(2479, 'Tye', 'TX', 79563),
(2480, 'Tyler', 'TX', 75701),
(2481, 'Tyler', 'TX', 75702),
(2482, 'Tyler', 'TX', 75703),
(2483, 'Tyler', 'TX', 75704),
(2484, 'Tyler', 'TX', 75705),
(2485, 'Tyler', 'TX', 75706),
(2486, 'Tyler', 'TX', 75707),
(2487, 'Tyler', 'TX', 75708),
(2488, 'Tyler', 'TX', 75709),
(2489, 'Tyler', 'TX', 75710),
(2490, 'Tyler', 'TX', 75711),
(2491, 'Tyler', 'TX', 75712),
(2492, 'Tyler', 'TX', 75713),
(2493, 'Tyler', 'TX', 75798),
(2494, 'Tyler', 'TX', 75799),
(2495, 'Tynan', 'TX', 78391),
(2496, 'Umbarger', 'TX', 79091),
(2497, 'Universal City', 'TX', 78148),
(2498, 'Universal City', 'TX', 78150),
(2499, 'Utopia', 'TX', 78884),
(2500, 'Uvalde', 'TX', 78801),
(2501, 'Uvalde', 'TX', 78802),
(2502, 'Valentine', 'TX', 79854),
(2503, 'Valera', 'TX', 76884),
(2504, 'Valley Mills', 'TX', 76689),
(2505, 'Valley Spring', 'TX', 76885),
(2506, 'Valley View', 'TX', 76272),
(2507, 'Van', 'TX', 75790),
(2508, 'Van Alstyne', 'TX', 75495),
(2509, 'Van Horn', 'TX', 79855),
(2510, 'Van Vleck', 'TX', 77482),
(2511, 'Vancourt', 'TX', 76955),
(2512, 'Vanderbilt', 'TX', 77991),
(2513, 'Vanderpool', 'TX', 78885),
(2514, 'Vega', 'TX', 79092),
(2515, 'Venus', 'TX', 76084),
(2516, 'Veribest', 'TX', 76886),
(2517, 'Vernon', 'TX', 76384),
(2518, 'Vernon', 'TX', 76385),
(2519, 'Victoria', 'TX', 77901),
(2520, 'Victoria', 'TX', 77902),
(2521, 'Victoria', 'TX', 77903),
(2522, 'Victoria', 'TX', 77904),
(2523, 'Victoria', 'TX', 77905),
(2524, 'Vidor', 'TX', 77662),
(2525, 'Vidor', 'TX', 77670),
(2526, 'Village Mills', 'TX', 77663),
(2527, 'Voca', 'TX', 76887),
(2528, 'Von Ormy', 'TX', 78073),
(2529, 'Voss', 'TX', 76888),
(2530, 'Votaw', 'TX', 77376),
(2531, 'Waco', 'TX', 76701),
(2532, 'Waco', 'TX', 76702),
(2533, 'Waco', 'TX', 76703),
(2534, 'Waco', 'TX', 76704),
(2535, 'Waco', 'TX', 76705),
(2536, 'Waco', 'TX', 76706),
(2537, 'Waco', 'TX', 76707),
(2538, 'Waco', 'TX', 76708),
(2539, 'Waco', 'TX', 76710),
(2540, 'Waco', 'TX', 76711),
(2541, 'Waco', 'TX', 76714),
(2542, 'Waco', 'TX', 76715),
(2543, 'Waco', 'TX', 76716),
(2544, 'Waco', 'TX', 76795),
(2545, 'Waco', 'TX', 76797),
(2546, 'Waco', 'TX', 76798),
(2547, 'Waco', 'TX', 76799),
(2548, 'Wadsworth', 'TX', 77483),
(2549, 'Waelder', 'TX', 78959),
(2550, 'Waka', 'TX', 79093),
(2551, 'Walburg', 'TX', 78673),
(2552, 'Wall', 'TX', 76957),
(2553, 'Waller', 'TX', 77484),
(2554, 'Wallis', 'TX', 77485),
(2555, 'Wallisville', 'TX', 77597),
(2556, 'Walnut Springs', 'TX', 76690),
(2557, 'Warda', 'TX', 78960),
(2558, 'Waring', 'TX', 78074),
(2559, 'Warren', 'TX', 77664),
(2560, 'Warrenton', 'TX', 78961),
(2561, 'Washington', 'TX', 77880),
(2562, 'Waskom', 'TX', 75692),
(2563, 'Water Valley', 'TX', 76958),
(2564, 'Waxahachie', 'TX', 75165),
(2565, 'Waxahachie', 'TX', 75167),
(2566, 'Waxahachie', 'TX', 75168),
(2567, 'Wayside', 'TX', 79094),
(2568, 'Weatherford', 'TX', 76085),
(2569, 'Weatherford', 'TX', 76086),
(2570, 'Weatherford', 'TX', 76087),
(2571, 'Weatherford', 'TX', 76088),
(2572, 'Webster', 'TX', 77598),
(2573, 'Weesatche', 'TX', 77993),
(2574, 'Weimar', 'TX', 78962),
(2575, 'Weinert', 'TX', 76388),
(2576, 'Weir', 'TX', 78674),
(2577, 'Welch', 'TX', 79377),
(2578, 'Wellborn', 'TX', 77881),
(2579, 'Wellington', 'TX', 79095),
(2580, 'Wellman', 'TX', 79378),
(2581, 'Wells', 'TX', 75976),
(2582, 'Weslaco', 'TX', 78596),
(2583, 'Weslaco', 'TX', 78599),
(2584, 'West', 'TX', 76691),
(2585, 'West Columbia', 'TX', 77486),
(2586, 'West Point', 'TX', 78963),
(2587, 'Westbrook', 'TX', 79565),
(2588, 'Westhoff', 'TX', 77994),
(2589, 'Westminster', 'TX', 75485),
(2590, 'Weston', 'TX', 75097),
(2591, 'Wharton', 'TX', 77488),
(2592, 'Wheeler', 'TX', 79096),
(2593, 'Wheelock', 'TX', 77882),
(2594, 'White Deer', 'TX', 79097),
(2595, 'White Oak', 'TX', 75693),
(2596, 'Whiteface', 'TX', 79379),
(2597, 'Whitehouse', 'TX', 75791),
(2598, 'Whitesboro', 'TX', 76273),
(2599, 'Whitewright', 'TX', 75491),
(2600, 'Whitharral', 'TX', 79380),
(2601, 'Whitney', 'TX', 76692),
(2602, 'Whitsett', 'TX', 78075),
(2603, 'Whitt', 'TX', 76490),
(2604, 'Wichita Falls', 'TX', 76301),
(2605, 'Wichita Falls', 'TX', 76302),
(2606, 'Wichita Falls', 'TX', 76305),
(2607, 'Wichita Falls', 'TX', 76306),
(2608, 'Wichita Falls', 'TX', 76307),
(2609, 'Wichita Falls', 'TX', 76308),
(2610, 'Wichita Falls', 'TX', 76309),
(2611, 'Wichita Falls', 'TX', 76310),
(2612, 'Wickett', 'TX', 79788),
(2613, 'Wiergate', 'TX', 75977),
(2614, 'Wildorado', 'TX', 79098),
(2615, 'Willis', 'TX', 77318),
(2616, 'Willis', 'TX', 77378),
(2617, 'Willow City', 'TX', 78675),
(2618, 'Wills Point', 'TX', 75169),
(2619, 'Wilmer', 'TX', 75172),
(2620, 'Wilson', 'TX', 79381),
(2621, 'Wimberley', 'TX', 78676),
(2622, 'Windom', 'TX', 75492),
(2623, 'Windthorst', 'TX', 76389),
(2624, 'Winfield', 'TX', 75493),
(2625, 'Wingate', 'TX', 79566),
(2626, 'Wink', 'TX', 79789),
(2627, 'Winnie', 'TX', 77665),
(2628, 'Winnsboro', 'TX', 75494),
(2629, 'Winona', 'TX', 75792),
(2630, 'Winters', 'TX', 79567),
(2631, 'Woden', 'TX', 75978),
(2632, 'Wolfe City', 'TX', 75496),
(2633, 'Wolfforth', 'TX', 79382),
(2634, 'Woodlake', 'TX', 75865),
(2635, 'Woodlawn', 'TX', 75694),
(2636, 'Woodsboro', 'TX', 78393),
(2637, 'Woodson', 'TX', 76491),
(2638, 'Woodville', 'TX', 75979),
(2639, 'Woodville', 'TX', 75990),
(2640, 'Woodway', 'TX', 76712),
(2641, 'Wortham', 'TX', 76693),
(2642, 'Wrightsboro', 'TX', 78677),
(2643, 'Wylie', 'TX', 75098),
(2644, 'Yancey', 'TX', 78886),
(2645, 'Yantis', 'TX', 75497),
(2646, 'Yoakum', 'TX', 77995),
(2647, 'Yorktown', 'TX', 78164),
(2648, 'Zapata', 'TX', 78076),
(2649, 'Zavalla', 'TX', 75980),
(2650, 'Zephyr', 'TX', 76890);

-- --------------------------------------------------------

--
-- Table structure for table `order`
--

CREATE TABLE `order` (
  `orderId` int(11) NOT NULL,
  `serviceId` int(11) NOT NULL,
  `workerId` int(11) DEFAULT NULL,
  `clientId` int(11) NOT NULL,
  `orderStatusId` int(11) DEFAULT NULL,
  `startDate` date DEFAULT NULL,
  `endDate` date DEFAULT NULL
) ENGINE=InnoDB DEFAULT CHARSET=utf8;

--
-- Dumping data for table `order`
--

INSERT INTO `order` (`orderId`, `serviceId`, `workerId`, `clientId`, `orderStatusId`, `startDate`, `endDate`) VALUES
(1, 3, 2, 1, 1, '2021-04-27', '2021-04-29'),
(2, 3, 2, 8, 1, '2021-04-28', '2021-05-06'),
(3, 4, 6, 1, 1, '2021-04-06', '2021-04-08'),
(4, 3, 2, 3, 1, '2021-05-03', '2021-05-05'),
(5, 3, 2, 1, 1, '2021-04-20', '2021-04-22'),
(6, 6, 7, 5, 1, '2021-05-04', '2021-05-06'),
(7, 1, 10, 12, 1, '2021-05-05', '2021-05-06'),
(8, 4, 10, 3, 3, '2021-05-06', NULL),
(9, 7, 10, 4, 3, '2021-04-14', NULL),
(10, 8, 6, 4, 3, '2021-05-01', NULL),
(11, 7, 9, 4, 3, '2021-05-02', NULL),
(13, 6, 10, 4, 3, '2021-05-05', NULL),
(14, 4, 10, 4, 3, '2021-05-06', NULL);

-- --------------------------------------------------------

--
-- Table structure for table `orderstatus`
--

CREATE TABLE `orderstatus` (
  `orderStatusId` int(11) NOT NULL,
  `status` varchar(255) NOT NULL
) ENGINE=InnoDB DEFAULT CHARSET=utf8;

--
-- Dumping data for table `orderstatus`
--

INSERT INTO `orderstatus` (`orderStatusId`, `status`) VALUES
(1, 'Complete'),
(2, 'Inprogress'),
(3, 'Pending'),
(4, 'Cancelled'),
(5, 'Rescheduled');

-- --------------------------------------------------------

--
-- Table structure for table `payment`
--

CREATE TABLE `payment` (
  `paymentId` int(11) NOT NULL,
  `orderId` int(11) NOT NULL,
  `workDuration` int(11) DEFAULT NULL,
  `invoice` int(11) DEFAULT NULL,
  `paymentStatusId` int(11) DEFAULT NULL,
  `paymentDate` date DEFAULT NULL
) ENGINE=InnoDB DEFAULT CHARSET=utf8;

--
-- Dumping data for table `payment`
--

INSERT INTO `payment` (`paymentId`, `orderId`, `workDuration`, `invoice`, `paymentStatusId`, `paymentDate`) VALUES
(1, 2, 64, 6400, 2, '2021-05-05'),
(2, 1, 16, 1600, 1, '2021-05-05'),
(3, 3, 16, 320, 2, '2021-05-05'),
(4, 4, 16, 1600, 1, '2021-05-05'),
(5, 5, 16, 1600, 2, '2021-05-05'),
(6, 6, 16, 320, 2, '2021-05-06'),
(7, 7, 8, 1200, 2, '2021-05-06');

-- --------------------------------------------------------

--
-- Table structure for table `paymentstatus`
--

CREATE TABLE `paymentstatus` (
  `paymentStatusId` int(11) NOT NULL,
  `paymentStatus` varchar(255) NOT NULL
) ENGINE=InnoDB DEFAULT CHARSET=utf8;

--
-- Dumping data for table `paymentstatus`
--

INSERT INTO `paymentstatus` (`paymentStatusId`, `paymentStatus`) VALUES
(1, 'Paid'),
(2, 'Unpaid'),
(3, 'Refunded');

-- --------------------------------------------------------

--
-- Table structure for table `service`
--

CREATE TABLE `service` (
  `serviceId` int(11) NOT NULL,
  `serviceType` varchar(255) NOT NULL,
  `rate` int(11) DEFAULT NULL
) ENGINE=InnoDB DEFAULT CHARSET=utf8;

--
-- Dumping data for table `service`
--

INSERT INTO `service` (`serviceId`, `serviceType`, `rate`) VALUES
(1, 'Roofing', 150),
(2, 'Plumbing', 50),
(3, 'Flooring', 100),
(4, 'Electrical', 20),
(5, 'PatioDoors', 100),
(6, 'Heat', 20),
(7, 'HVAC', 30),
(8, 'Windows', 75),
(9, 'Windows&Doors', 100),
(10, 'Misc', 20),
(11, 'Hardware', 50),
(12, 'AtticInsulation', 100),
(13, 'Locksmith', 40),
(14, 'HomeSecurity', 200),
(15, 'Landscape', 20),
(16, 'Smart_Home_Installation', 150);

-- --------------------------------------------------------

--
-- Table structure for table `user`
--

CREATE TABLE `user` (
  `userId` int(11) NOT NULL,
  `pwd` varchar(255) NOT NULL,
  `firstName` varchar(255) DEFAULT NULL,
  `lastName` varchar(255) DEFAULT NULL,
  `userTypeId` int(11) NOT NULL,
  `addressLine` varchar(255) DEFAULT NULL,
  `addressId` int(11) NOT NULL,
  `userName` varchar(55) NOT NULL,
  `emailAddress` varchar(255) DEFAULT NULL,
  `contactNumber` int(10) DEFAULT NULL
) ENGINE=InnoDB DEFAULT CHARSET=utf8;

--
-- Dumping data for table `user`
--

INSERT INTO `user` (`userId`, `pwd`, `firstName`, `lastName`, `userTypeId`, `addressLine`, `addressId`, `userName`, `emailAddress`, `contactNumber`) VALUES
(1, 'p1', 'Anne', 'Rogers', 1, '95 Summer avenue', 2, 'ann', 'Ann_Rogs1@email.com', NULL),
(2, 'password2', 'Jack', 'Jones', 2, '1575 Mckiney Avenue', 1, 'Jack_Jones2', 'Jack_Jones2@email.com', NULL),
(3, 'password3', 'Kelvin', 'Smith', 1, '127 Frier Street', 3, 'Kelvin_Smith3', 'Kelvin_Smith3@email.com', NULL),
(4, 'password4', 'John', 'Elder', 1, '265 Arron St', 571, 'John_Elder4', 'john.elder@email.com', NULL),
(5, 'password5', 'Geena', 'Pat', 1, '38 Flower Street', 1061, 'Genna_Pat5', 'geena.pat@yahoo.com', NULL),
(6, 'password6', 'Ray', 'Yung', 2, '154 Yale St', 1061, 'ray_yung6', 'ray.yung@email.com', NULL),
(7, 'password7', 'Joe', 'Katz', 2, '27  Hawthorne St', 34, 'Joe_Katz7', 'Joe.Katz@email.com', NULL),
(8, 'passowrd8', 'Mike', 'Palumbo', 1, '100 Motor PKWY', 396, 'Mike_Palumbo8', 'Mike.Palumbo@email.com', NULL),
(9, 'password9', 'Millie', 'Fernandez', 2, '1 Mercedezway', 213, 'm_Fernandez9', 'M.Fernandez@email.com', NULL),
(10, 'password10', 'Sam', 'Prince', 2, '', 467, 'Sam_Prince10', 'Sam.Prince@email.com', NULL),
(11, 'password11', 'Lity', 'Tong', 2, '12 Line Rd', 27, 'lity_tong11', 'lity.tong@email.com', NULL),
(12, 'password12', 'Qui', 'Dang', 1, '45 Oreo Drive', 571, 'qui_dang12', 'qui_dang@email.com', 25871754);

-- --------------------------------------------------------

--
-- Table structure for table `usertype`
--

CREATE TABLE `usertype` (
  `userTypeId` int(11) NOT NULL,
  `type` varchar(255) NOT NULL
) ENGINE=InnoDB DEFAULT CHARSET=utf8;

--
-- Dumping data for table `usertype`
--

INSERT INTO `usertype` (`userTypeId`, `type`) VALUES
(1, 'Client'),
(2, 'Worker');

--
-- Indexes for dumped tables
--

--
-- Indexes for table `address`
--
ALTER TABLE `address`
  ADD PRIMARY KEY (`addressId`);

--
-- Indexes for table `order`
--
ALTER TABLE `order`
  ADD PRIMARY KEY (`orderId`),
  ADD KEY `fkServiceId` (`serviceId`),
  ADD KEY `fkWorkerId` (`workerId`),
  ADD KEY `fkClientId` (`clientId`),
  ADD KEY `fkOrderStatusId` (`orderStatusId`);

--
-- Indexes for table `orderstatus`
--
ALTER TABLE `orderstatus`
  ADD PRIMARY KEY (`orderStatusId`);

--
-- Indexes for table `payment`
--
ALTER TABLE `payment`
  ADD PRIMARY KEY (`paymentId`),
  ADD KEY `fkOrderId` (`orderId`),
  ADD KEY `fkPaymentStatus` (`paymentStatusId`);

--
-- Indexes for table `paymentstatus`
--
ALTER TABLE `paymentstatus`
  ADD PRIMARY KEY (`paymentStatusId`);

--
-- Indexes for table `service`
--
ALTER TABLE `service`
  ADD PRIMARY KEY (`serviceId`);

--
-- Indexes for table `user`
--
ALTER TABLE `user`
  ADD PRIMARY KEY (`userId`),
  ADD KEY `fkUserTypeId` (`userTypeId`),
  ADD KEY `fkAddressId` (`addressId`);

--
-- Indexes for table `usertype`
--
ALTER TABLE `usertype`
  ADD PRIMARY KEY (`userTypeId`);

--
-- AUTO_INCREMENT for dumped tables
--

--
-- AUTO_INCREMENT for table `address`
--
ALTER TABLE `address`
  MODIFY `addressId` int(11) NOT NULL AUTO_INCREMENT, AUTO_INCREMENT=2651;

--
-- AUTO_INCREMENT for table `order`
--
ALTER TABLE `order`
  MODIFY `orderId` int(11) NOT NULL AUTO_INCREMENT, AUTO_INCREMENT=15;

--
-- AUTO_INCREMENT for table `orderstatus`
--
ALTER TABLE `orderstatus`
  MODIFY `orderStatusId` int(11) NOT NULL AUTO_INCREMENT, AUTO_INCREMENT=6;

--
-- AUTO_INCREMENT for table `payment`
--
ALTER TABLE `payment`
  MODIFY `paymentId` int(11) NOT NULL AUTO_INCREMENT, AUTO_INCREMENT=8;

--
-- AUTO_INCREMENT for table `paymentstatus`
--
ALTER TABLE `paymentstatus`
  MODIFY `paymentStatusId` int(11) NOT NULL AUTO_INCREMENT, AUTO_INCREMENT=4;

--
-- AUTO_INCREMENT for table `service`
--
ALTER TABLE `service`
  MODIFY `serviceId` int(11) NOT NULL AUTO_INCREMENT, AUTO_INCREMENT=17;

--
-- AUTO_INCREMENT for table `user`
--
ALTER TABLE `user`
  MODIFY `userId` int(11) NOT NULL AUTO_INCREMENT, AUTO_INCREMENT=13;

--
-- AUTO_INCREMENT for table `usertype`
--
ALTER TABLE `usertype`
  MODIFY `userTypeId` int(11) NOT NULL AUTO_INCREMENT, AUTO_INCREMENT=3;

--
-- Constraints for dumped tables
--

--
-- Constraints for table `order`
--
ALTER TABLE `order`
  ADD CONSTRAINT `fkClientId` FOREIGN KEY (`clientId`) REFERENCES `user` (`userId`),
  ADD CONSTRAINT `fkOrderStatusId` FOREIGN KEY (`orderStatusId`) REFERENCES `orderstatus` (`orderStatusId`),
  ADD CONSTRAINT `fkServiceId` FOREIGN KEY (`serviceId`) REFERENCES `service` (`serviceId`),
  ADD CONSTRAINT `fkWorkerId` FOREIGN KEY (`workerId`) REFERENCES `user` (`userId`);

--
-- Constraints for table `payment`
--
ALTER TABLE `payment`
  ADD CONSTRAINT `fkOrderId` FOREIGN KEY (`orderId`) REFERENCES `order` (`orderId`),
  ADD CONSTRAINT `fkPaymentStatus` FOREIGN KEY (`paymentStatusId`) REFERENCES `paymentstatus` (`paymentStatusId`);

--
-- Constraints for table `user`
--
ALTER TABLE `user`
  ADD CONSTRAINT `fkAddressId` FOREIGN KEY (`addressId`) REFERENCES `address` (`addressId`),
  ADD CONSTRAINT `fkUserTypeId` FOREIGN KEY (`userTypeId`) REFERENCES `usertype` (`userTypeId`);
COMMIT;

/*!40101 SET CHARACTER_SET_CLIENT=@OLD_CHARACTER_SET_CLIENT */;
/*!40101 SET CHARACTER_SET_RESULTS=@OLD_CHARACTER_SET_RESULTS */;
/*!40101 SET COLLATION_CONNECTION=@OLD_COLLATION_CONNECTION */;
